Game Number,Score,Tiles Closed,Rolls,Moves
1,28,5,"[(1, 3), (1, 3), (6, 3), (2, 2)]","[(1, 3), (4,), (2, 7)]"
2,19,6,"[(6, 5), (5, 3), (2, 5), (3, 4)]","[(1, 2, 3, 5), (8,), (7,)]"
3,31,4,"[(2, 5), (4, 3), (6, 4)]","[(1, 2, 4), (7,)]"
4,17,7,"[(5, 4), (5, 3), (3, 1), (4, 3), (5, 2)]","[(1, 2, 6), (3, 5), (4,), (7,)]"
5,31,4,"[(3, 4), (2, 5), (3, 1)]","[(1, 2, 4), (7,)]"
6,35,4,"[(6, 4), (2, 1)]","[(1, 2, 3, 4)]"
7,20,6,"[(4, 3), (1, 4), (1, 6), (1, 5), (2, 2)]","[(1, 2, 4), (5,), (7,), (6,)]"
8,29,5,"[(6, 3), (4, 3), (1, 3)]","[(1, 2, 6), (3, 4)]"
9,26,5,"[(6, 5), (5, 3), (3, 5)]","[(1, 2, 3, 5), (8,)]"
10,13,7,"[(4, 3), (5, 2), (4, 2), (5, 4), (1, 2), (6, 3)]","[(1, 2, 4), (7,), (6,), (9,), (3,)]"
11,24,6,"[(6, 3), (6, 6), (1, 2)]","[(1, 2, 6), (3, 4, 5)]"
12,39,3,"[(5, 1), (1, 1)]","[(1, 2, 3)]"
13,30,5,"[(4, 6), (2, 3), (5, 5)]","[(1, 2, 3, 4), (5,)]"
14,13,7,"[(5, 3), (4, 4), (5, 4), (1, 6), (1, 2)]","[(1, 2, 5), (8,), (3, 6), (7,)]"
15,5,8,"[(2, 2), (6, 6), (6, 2), (5, 2), (3, 6), (4, 3)]","[(1, 3), (2, 4, 6), (8,), (7,), (9,)]"
16,23,6,"[(4, 1), (5, 4), (5, 3), (1, 6)]","[(1, 4), (2, 7), (3, 5)]"
17,19,6,"[(6, 5), (5, 4), (3, 3), (5, 1)]","[(1, 2, 3, 5), (9,), (6,)]"
18,18,6,"[(1, 2), (6, 3), (5, 3), (2, 5), (6, 2)]","[(1, 2), (3, 6), (8,), (7,)]"
19,37,3,"[(1, 1), (2, 4), (1, 4)]","[(2,), (1, 5)]"
20,29,5,"[(1, 1), (3, 1), (5, 5), (5, 6)]","[(2,), (1, 3), (4, 6)]"
21,18,6,"[(5, 1), (1, 3), (3, 5), (5, 4), (1, 2)]","[(1, 2, 3), (4,), (8,), (9,)]"
22,26,5,"[(2, 2), (3, 5), (5, 2), (1, 5)]","[(1, 3), (2, 6), (7,)]"
23,35,4,"[(6, 4), (2, 1)]","[(1, 2, 3, 4)]"
24,9,8,"[(4, 3), (6, 5), (5, 6), (4, 3), (2, 5)]","[(1, 2, 4), (3, 8), (5, 6), (7,)]"
25,36,3,"[(3, 6), (4, 2)]","[(1, 2, 6)]"
26,0,9,"[(1, 4), (6, 3), (5, 6), (5, 4), (5, 6)]","[(1, 4), (2, 7), (3, 8), (9,), (5, 6)]"
27,22,6,"[(3, 3), (3, 6), (6, 2), (3, 1)]","[(1, 2, 3), (4, 5), (8,)]"
28,24,6,"[(4, 1), (2, 4), (1, 2), (2, 5), (3, 3)]","[(1, 4), (6,), (3,), (2, 5)]"
29,0,9,"[(1, 5), (5, 3), (3, 2), (5, 2), (1, 3), (4, 2), (3, 6)]","[(1, 2, 3), (8,), (5,), (7,), (4,), (6,), (9,)]"
30,35,4,"[(4, 6), (1, 2)]","[(1, 2, 3, 4)]"
31,26,5,"[(3, 3), (1, 6), (2, 4), (1, 5)]","[(1, 2, 3), (7,), (6,)]"
32,15,7,"[(3, 1), (5, 5), (5, 6), (4, 1), (2, 2)]","[(1, 3), (2, 8), (4, 7), (5,)]"
33,29,5,"[(4, 6), (3, 3), (4, 2)]","[(1, 2, 3, 4), (6,)]"
34,17,6,"[(6, 2), (3, 5), (6, 6), (5, 3)]","[(1, 2, 5), (8,), (3, 9)]"
35,26,5,"[(3, 2), (5, 2), (2, 5), (1, 1)]","[(1, 4), (2, 5), (7,)]"
36,35,4,"[(1, 2), (6, 1), (2, 1)]","[(1, 2), (3, 4)]"
37,28,5,"[(4, 5), (6, 2), (4, 1)]","[(1, 2, 6), (3, 5)]"
38,31,4,"[(2, 1), (6, 5), (2, 6)]","[(1, 2), (3, 8)]"
39,24,6,"[(6, 3), (6, 6), (1, 1)]","[(1, 2, 6), (3, 4, 5)]"
40,29,5,"[(5, 4), (3, 4), (6, 5)]","[(1, 2, 6), (3, 4)]"
41,23,6,"[(5, 2), (1, 4), (4, 6), (1, 1)]","[(1, 2, 4), (5,), (3, 7)]"
42,27,5,"[(6, 2), (4, 6), (2, 1)]","[(1, 2, 5), (3, 7)]"
43,28,5,"[(5, 5), (4, 3), (1, 3)]","[(1, 2, 3, 4), (7,)]"
44,26,5,"[(4, 6), (4, 5), (1, 2)]","[(1, 2, 3, 4), (9,)]"
45,34,4,"[(2, 4), (3, 2), (1, 1)]","[(1, 2, 3), (5,)]"
46,13,7,"[(4, 5), (2, 5), (4, 3), (4, 5), (1, 3)]","[(1, 2, 6), (3, 4), (7,), (9,)]"
47,26,5,"[(3, 6), (6, 4), (4, 2)]","[(1, 2, 6), (3, 7)]"
48,32,4,"[(4, 2), (1, 6), (4, 3)]","[(1, 2, 3), (7,)]"
49,23,6,"[(5, 6), (4, 3), (3, 1), (5, 5)]","[(1, 2, 3, 5), (7,), (4,)]"
50,27,5,"[(5, 1), (3, 5), (1, 3), (5, 5)]","[(1, 2, 3), (8,), (4,)]"
51,33,4,"[(6, 6), (3, 3)]","[(1, 2, 3, 6)]"
52,29,5,"[(6, 1), (6, 3), (3, 3)]","[(1, 2, 4), (3, 6)]"
53,27,5,"[(4, 6), (2, 6), (6, 4)]","[(1, 2, 3, 4), (8,)]"
54,37,3,"[(6, 2), (3, 2)]","[(1, 2, 5)]"
55,16,7,"[(2, 2), (6, 5), (3, 5), (1, 5), (1, 1)]","[(1, 3), (2, 4, 5), (8,), (6,)]"
56,37,3,"[(6, 2), (2, 3)]","[(1, 2, 5)]"
57,35,4,"[(2, 4), (1, 3), (3, 1)]","[(1, 2, 3), (4,)]"
58,25,5,"[(1, 2), (5, 1), (5, 6), (5, 1)]","[(1, 2), (6,), (3, 8)]"
59,29,5,"[(1, 1), (5, 2), (1, 6), (2, 2)]","[(2,), (1, 6), (3, 4)]"
60,29,5,"[(3, 6), (2, 5), (5, 6)]","[(1, 2, 6), (3, 4)]"
61,16,7,"[(6, 3), (4, 5), (6, 5), (4, 1)]","[(1, 2, 6), (4, 5), (3, 8)]"
62,24,6,"[(6, 6), (6, 3), (1, 4)]","[(1, 2, 3, 6), (4, 5)]"
63,9,8,"[(3, 1), (3, 5), (5, 2), (5, 4), (3, 5), (5, 3)]","[(1, 3), (2, 6), (7,), (4, 5), (8,)]"
64,6,8,"[(1, 5), (6, 3), (5, 2), (2, 6), (5, 4), (3, 4)]","[(1, 2, 3), (4, 5), (7,), (8,), (9,)]"
65,33,4,"[(6, 6), (2, 1)]","[(1, 2, 3, 6)]"
66,30,5,"[(2, 4), (3, 2), (2, 2), (6, 4)]","[(1, 2, 3), (5,), (4,)]"
67,32,4,"[(4, 3), (2, 4), (2, 2)]","[(1, 2, 4), (6,)]"
68,23,6,"[(3, 4), (6, 4), (3, 2), (5, 2)]","[(1, 2, 4), (3, 7), (5,)]"
69,23,6,"[(5, 1), (3, 1), (3, 4), (3, 2), (5, 2)]","[(1, 2, 3), (4,), (7,), (5,)]"
70,26,5,"[(4, 4), (6, 5), (2, 3)]","[(1, 2, 5), (3, 8)]"
71,21,6,"[(5, 1), (6, 6), (5, 1), (4, 4)]","[(1, 2, 3), (4, 8), (6,)]"
72,28,5,"[(6, 4), (6, 1), (3, 4)]","[(1, 2, 3, 4), (7,)]"
73,9,8,"[(2, 5), (4, 3), (6, 2), (2, 6), (4, 2), (5, 3)]","[(1, 2, 4), (7,), (3, 5), (8,), (6,)]"
74,28,5,"[(1, 3), (3, 5), (3, 2), (1, 1)]","[(1, 3), (2, 6), (5,)]"
75,33,4,"[(1, 6), (4, 1), (2, 3)]","[(1, 2, 4), (5,)]"
76,4,8,"[(5, 3), (6, 4), (4, 2), (6, 3), (5, 3), (4, 6)]","[(1, 2, 5), (3, 7), (6,), (9,), (8,)]"
77,16,7,"[(6, 3), (6, 3), (5, 6), (3, 1)]","[(1, 2, 6), (4, 5), (3, 8)]"
78,23,6,"[(5, 6), (5, 6), (5, 5)]","[(1, 2, 3, 5), (4, 7)]"
79,18,6,"[(6, 5), (3, 4), (5, 4), (1, 6)]","[(1, 2, 3, 5), (7,), (9,)]"
80,32,4,"[(1, 3), (3, 6), (1, 6)]","[(1, 3), (2, 7)]"
81,15,7,"[(5, 6), (3, 4), (6, 6), (5, 3)]","[(1, 2, 3, 5), (7,), (4, 8)]"
82,23,6,"[(1, 1), (6, 5), (3, 6), (1, 2)]","[(2,), (1, 3, 7), (4, 5)]"
83,40,2,"[(4, 1), (1, 3)]","[(1, 4)]"
84,22,6,"[(2, 6), (4, 4), (3, 4), (3, 5)]","[(1, 2, 5), (8,), (3, 4)]"
85,6,8,"[(4, 2), (5, 6), (5, 4), (1, 4), (3, 5), (6, 1)]","[(1, 2, 3), (4, 7), (9,), (5,), (8,)]"
86,25,5,"[(2, 1), (3, 5), (5, 4), (1, 2)]","[(1, 2), (3, 5), (9,)]"
87,21,6,"[(5, 3), (3, 4), (5, 4), (4, 6)]","[(1, 2, 5), (3, 4), (9,)]"
88,12,7,"[(2, 5), (4, 1), (3, 3), (2, 6), (6, 1), (6, 2)]","[(1, 2, 4), (5,), (6,), (8,), (7,)]"
89,29,4,"[(3, 5), (4, 4), (3, 2)]","[(1, 2, 5), (8,)]"
90,20,6,"[(1, 3), (1, 5), (2, 6), (2, 5), (3, 5)]","[(1, 3), (2, 4), (8,), (7,)]"
91,28,5,"[(4, 4), (6, 3), (1, 5)]","[(1, 2, 5), (3, 6)]"
92,35,4,"[(5, 5), (2, 1)]","[(1, 2, 3, 4)]"
93,27,5,"[(3, 5), (6, 4), (1, 2)]","[(1, 2, 5), (3, 7)]"
94,40,2,"[(2, 3), (3, 1)]","[(1, 4)]"
95,24,6,"[(2, 2), (5, 6), (5, 1), (2, 2)]","[(1, 3), (2, 4, 5), (6,)]"
96,24,6,"[(2, 5), (4, 2), (6, 2), (5, 5)]","[(1, 2, 4), (6,), (3, 5)]"
97,37,3,"[(2, 6), (4, 1)]","[(1, 2, 5)]"
98,28,5,"[(4, 1), (6, 6), (2, 5)]","[(1, 4), (2, 3, 7)]"
99,12,7,"[(1, 6), (1, 5), (3, 4), (2, 3), (4, 4), (2, 5)]","[(1, 2, 4), (6,), (7,), (5,), (8,)]"
100,23,6,"[(1, 1), (5, 4), (6, 5), (4, 1)]","[(2,), (1, 3, 5), (4, 7)]"
101,29,5,"[(2, 4), (4, 6), (2, 2)]","[(1, 2, 3), (4, 6)]"
102,20,6,"[(4, 3), (4, 2), (6, 6), (1, 1)]","[(1, 2, 4), (6,), (3, 9)]"
103,34,4,"[(1, 1), (5, 4), (1, 4)]","[(2,), (1, 3, 5)]"
104,16,7,"[(6, 4), (6, 5), (5, 3), (2, 4)]","[(1, 2, 3, 4), (5, 6), (8,)]"
105,38,3,"[(5, 2), (3, 1)]","[(1, 2, 4)]"
106,30,5,"[(3, 2), (6, 4), (5, 5)]","[(1, 4), (2, 3, 5)]"
107,17,6,"[(4, 2), (3, 2), (5, 4), (5, 3), (6, 3)]","[(1, 2, 3), (5,), (9,), (8,)]"
108,38,3,"[(1, 6), (2, 2)]","[(1, 2, 4)]"
109,33,4,"[(3, 4), (3, 2), (3, 2)]","[(1, 2, 4), (5,)]"
110,37,3,"[(6, 2), (1, 1)]","[(1, 2, 5)]"
111,14,7,"[(5, 4), (5, 2), (6, 2), (2, 5), (6, 2)]","[(1, 2, 6), (3, 4), (8,), (7,)]"
112,12,7,"[(3, 3), (6, 6), (5, 1), (4, 5), (5, 3)]","[(1, 2, 3), (4, 8), (6,), (9,)]"
113,22,6,"[(5, 5), (1, 5), (1, 6), (5, 1)]","[(1, 2, 3, 4), (6,), (7,)]"
114,18,6,"[(4, 4), (1, 2), (5, 2), (3, 6), (3, 2)]","[(1, 2, 5), (3,), (7,), (9,)]"
115,28,5,"[(2, 1), (4, 2), (3, 5), (5, 1)]","[(1, 2), (6,), (3, 5)]"
116,34,4,"[(5, 6), (4, 1)]","[(1, 2, 3, 5)]"
117,10,7,"[(6, 2), (6, 6), (2, 6), (4, 3), (3, 2)]","[(1, 2, 5), (3, 9), (8,), (7,)]"
118,29,5,"[(4, 2), (4, 6), (5, 6)]","[(1, 2, 3), (4, 6)]"
119,21,6,"[(5, 1), (3, 3), (4, 1), (5, 2), (1, 2)]","[(1, 2, 3), (6,), (5,), (7,)]"
120,13,7,"[(1, 6), (6, 6), (1, 4), (6, 2), (4, 4)]","[(1, 2, 4), (3, 9), (5,), (8,)]"
121,36,3,"[(4, 5), (1, 1)]","[(1, 2, 6)]"
122,22,6,"[(3, 3), (5, 4), (3, 5), (6, 6)]","[(1, 2, 3), (4, 5), (8,)]"
123,30,5,"[(1, 5), (3, 6), (3, 2)]","[(1, 2, 3), (4, 5)]"
124,27,5,"[(3, 5), (4, 6), (2, 5)]","[(1, 2, 5), (3, 7)]"
125,28,5,"[(6, 4), (5, 2), (4, 3)]","[(1, 2, 3, 4), (7,)]"
126,30,5,"[(5, 6), (1, 3), (6, 6)]","[(1, 2, 3, 5), (4,)]"
127,31,4,"[(5, 2), (2, 5), (1, 3)]","[(1, 2, 4), (7,)]"
128,22,6,"[(1, 5), (1, 6), (2, 4), (2, 2), (4, 3)]","[(1, 2, 3), (7,), (6,), (4,)]"
129,22,6,"[(5, 1), (4, 3), (4, 6), (2, 4)]","[(1, 2, 3), (7,), (4, 6)]"
130,27,5,"[(3, 4), (6, 5), (3, 5)]","[(1, 2, 4), (3, 8)]"
131,13,7,"[(2, 2), (3, 1), (1, 4), (5, 6), (5, 3), (5, 5)]","[(1, 3), (4,), (5,), (2, 9), (8,)]"
132,30,5,"[(4, 4), (2, 5), (6, 6)]","[(1, 2, 5), (3, 4)]"
133,16,7,"[(2, 6), (5, 4), (6, 6), (4, 2)]","[(1, 2, 5), (3, 6), (4, 8)]"
134,26,5,"[(2, 2), (5, 5), (1, 4), (4, 4)]","[(1, 3), (2, 8), (5,)]"
135,27,5,"[(3, 3), (4, 1), (3, 4), (6, 1)]","[(1, 2, 3), (5,), (7,)]"
136,16,7,"[(3, 1), (6, 2), (4, 5), (5, 3), (1, 1)]","[(1, 3), (2, 6), (4, 5), (8,)]"
137,38,3,"[(6, 1), (1, 3)]","[(1, 2, 4)]"
138,34,4,"[(6, 5), (1, 2)]","[(1, 2, 3, 5)]"
139,23,5,"[(2, 5), (1, 5), (5, 4), (4, 2)]","[(1, 2, 4), (6,), (9,)]"
140,21,6,"[(3, 6), (5, 6), (1, 3), (3, 5)]","[(1, 2, 6), (3, 8), (4,)]"
141,12,7,"[(2, 6), (4, 6), (4, 5), (3, 3), (4, 5)]","[(1, 2, 5), (3, 7), (9,), (6,)]"
142,35,4,"[(2, 1), (1, 6), (2, 2)]","[(1, 2), (3, 4)]"
143,32,4,"[(1, 6), (5, 1), (3, 3)]","[(1, 2, 4), (6,)]"
144,22,6,"[(1, 5), (4, 4), (4, 5), (5, 6)]","[(1, 2, 3), (8,), (4, 5)]"
145,16,7,"[(6, 6), (6, 2), (4, 5), (3, 2)]","[(1, 2, 3, 6), (8,), (4, 5)]"
146,0,9,"[(3, 5), (5, 4), (4, 5), (6, 6), (1, 6)]","[(1, 2, 5), (3, 6), (9,), (4, 8), (7,)]"
147,11,7,"[(5, 4), (5, 3), (6, 3), (6, 2), (3, 3)]","[(1, 2, 6), (3, 5), (9,), (8,)]"
148,22,6,"[(6, 6), (6, 5), (3, 4)]","[(1, 2, 3, 6), (4, 7)]"
149,23,6,"[(5, 6), (5, 6), (1, 1)]","[(1, 2, 3, 5), (4, 7)]"
150,16,6,"[(2, 5), (1, 5), (3, 6), (3, 4), (6, 6)]","[(1, 2, 4), (6,), (9,), (7,)]"
151,21,6,"[(1, 2), (4, 5), (4, 3), (2, 3), (1, 2)]","[(1, 2), (3, 6), (7,), (5,)]"
152,28,5,"[(6, 6), (3, 2), (4, 1)]","[(1, 2, 3, 6), (5,)]"
153,24,6,"[(3, 3), (4, 5), (5, 1), (2, 3)]","[(1, 2, 3), (4, 5), (6,)]"
154,28,5,"[(5, 1), (6, 5), (5, 2)]","[(1, 2, 3), (4, 7)]"
155,29,5,"[(3, 1), (1, 5), (2, 4), (4, 6)]","[(1, 3), (2, 4), (6,)]"
156,12,7,"[(3, 1), (4, 3), (4, 3), (1, 5), (4, 5), (3, 2)]","[(1, 3), (2, 5), (7,), (6,), (9,)]"
157,30,5,"[(5, 3), (1, 6), (1, 3)]","[(1, 2, 5), (3, 4)]"
158,29,5,"[(1, 6), (5, 4), (2, 4)]","[(1, 2, 4), (3, 6)]"
159,7,8,"[(5, 3), (5, 1), (1, 3), (2, 6), (2, 1), (5, 4), (2, 1)]","[(1, 2, 5), (6,), (4,), (8,), (3,), (9,)]"
160,28,5,"[(4, 6), (4, 3), (6, 6)]","[(1, 2, 3, 4), (7,)]"
161,17,7,"[(2, 3), (4, 1), (6, 5), (4, 3), (5, 6)]","[(1, 4), (2, 3), (5, 6), (7,)]"
162,17,7,"[(3, 1), (5, 3), (1, 4), (6, 5), (6, 1)]","[(1, 3), (2, 6), (5,), (4, 7)]"
163,21,6,"[(2, 1), (6, 3), (6, 6), (4, 4)]","[(1, 2), (3, 6), (4, 8)]"
164,39,3,"[(1, 5), (1, 2)]","[(1, 2, 3)]"
165,27,5,"[(6, 4), (6, 2), (2, 2)]","[(1, 2, 3, 4), (8,)]"
166,36,3,"[(3, 6), (1, 5)]","[(1, 2, 6)]"
167,29,5,"[(2, 5), (5, 4), (2, 1)]","[(1, 2, 4), (3, 6)]"
168,24,6,"[(6, 4), (1, 4), (3, 3), (3, 3)]","[(1, 2, 3, 4), (5,), (6,)]"
169,24,6,"[(3, 3), (5, 4), (1, 5), (3, 3)]","[(1, 2, 3), (4, 5), (6,)]"
170,20,6,"[(4, 2), (6, 6), (2, 5), (6, 1)]","[(1, 2, 3), (4, 8), (7,)]"
171,30,5,"[(5, 3), (5, 2), (1, 1)]","[(1, 2, 5), (3, 4)]"
172,25,5,"[(1, 4), (6, 3), (2, 4), (4, 6)]","[(1, 4), (2, 7), (6,)]"
173,29,4,"[(4, 4), (2, 6), (6, 2)]","[(1, 2, 5), (8,)]"
174,13,7,"[(3, 3), (3, 1), (5, 4), (5, 1), (5, 2), (3, 6)]","[(1, 2, 3), (4,), (9,), (6,), (7,)]"
175,31,4,"[(1, 6), (3, 4), (3, 4)]","[(1, 2, 4), (7,)]"
176,28,5,"[(3, 5), (4, 5), (1, 5)]","[(1, 2, 5), (3, 6)]"
177,19,6,"[(6, 4), (3, 4), (3, 6), (5, 4)]","[(1, 2, 3, 4), (7,), (9,)]"
178,29,5,"[(3, 1), (6, 6), (1, 2)]","[(1, 3), (2, 4, 6)]"
179,28,5,"[(3, 4), (4, 6), (1, 2)]","[(1, 2, 4), (3, 7)]"
180,8,8,"[(1, 6), (3, 3), (6, 3), (5, 3), (5, 2), (2, 3)]","[(1, 2, 4), (6,), (9,), (3, 5), (7,)]"
181,17,7,"[(4, 1), (6, 1), (1, 5), (6, 4), (2, 1)]","[(1, 4), (2, 5), (6,), (3, 7)]"
182,25,5,"[(2, 6), (6, 6), (4, 1)]","[(1, 2, 5), (3, 9)]"
183,32,4,"[(1, 3), (3, 6), (2, 1)]","[(1, 3), (2, 7)]"
184,22,6,"[(6, 6), (6, 5), (1, 5)]","[(1, 2, 3, 6), (4, 7)]"
185,17,7,"[(5, 4), (5, 5), (5, 4), (5, 5)]","[(1, 2, 6), (3, 7), (4, 5)]"
186,38,3,"[(4, 3), (1, 3)]","[(1, 2, 4)]"
187,24,6,"[(4, 2), (5, 4), (5, 1), (2, 4)]","[(1, 2, 3), (4, 5), (6,)]"
188,20,6,"[(5, 2), (5, 4), (5, 4), (2, 1)]","[(1, 2, 4), (3, 6), (9,)]"
189,0,9,"[(1, 4), (3, 5), (3, 4), (3, 6), (6, 5), (2, 3)]","[(1, 4), (2, 6), (7,), (9,), (3, 8), (5,)]"
190,22,6,"[(2, 2), (2, 6), (6, 5), (6, 1)]","[(1, 3), (2, 6), (4, 7)]"
191,17,6,"[(3, 3), (4, 1), (5, 3), (6, 3), (1, 2)]","[(1, 2, 3), (5,), (8,), (9,)]"
192,7,8,"[(2, 3), (1, 2), (2, 6), (3, 2), (2, 6), (5, 4), (3, 1)]","[(1, 4), (3,), (2, 6), (5,), (8,), (9,)]"
193,18,6,"[(4, 3), (6, 5), (3, 6), (3, 5)]","[(1, 2, 4), (3, 8), (9,)]"
194,4,8,"[(4, 2), (1, 4), (5, 3), (3, 6), (5, 1), (4, 3), (1, 1)]","[(1, 2, 3), (5,), (8,), (9,), (6,), (7,)]"
195,38,3,"[(4, 3), (1, 1)]","[(1, 2, 4)]"
196,26,5,"[(6, 2), (2, 2), (4, 3), (4, 6)]","[(1, 2, 5), (4,), (7,)]"
197,32,4,"[(2, 1), (6, 4), (2, 1)]","[(1, 2), (3, 7)]"
198,11,7,"[(4, 4), (3, 5), (6, 3), (6, 3), (4, 6)]","[(1, 2, 5), (8,), (3, 6), (9,)]"
199,22,6,"[(5, 2), (5, 2), (5, 4), (2, 5)]","[(1, 2, 4), (7,), (3, 6)]"
200,26,5,"[(2, 1), (6, 2), (6, 2), (1, 1)]","[(1, 2), (3, 5), (8,)]"
201,19,6,"[(4, 6), (6, 3), (1, 6), (6, 6)]","[(1, 2, 3, 4), (9,), (7,)]"
202,34,4,"[(4, 2), (3, 2), (1, 1)]","[(1, 2, 3), (5,)]"
203,28,5,"[(4, 2), (5, 6), (1, 6)]","[(1, 2, 3), (4, 7)]"
204,3,8,"[(5, 4), (3, 6), (3, 6), (4, 3), (2, 6), (5, 6)]","[(1, 2, 6), (4, 5), (9,), (7,), (8,)]"
205,19,6,"[(1, 6), (6, 1), (6, 6), (3, 4)]","[(1, 2, 4), (7,), (3, 9)]"
206,27,5,"[(5, 3), (6, 4), (6, 5)]","[(1, 2, 5), (3, 7)]"
207,17,7,"[(5, 2), (2, 4), (4, 4), (4, 3), (6, 5)]","[(1, 2, 4), (6,), (3, 5), (7,)]"
208,24,6,"[(3, 3), (5, 1), (3, 6), (2, 1)]","[(1, 2, 3), (6,), (4, 5)]"
209,29,4,"[(4, 4), (4, 4), (1, 1)]","[(1, 2, 5), (8,)]"
210,17,7,"[(5, 1), (5, 1), (2, 3), (1, 6), (1, 3), (1, 6)]","[(1, 2, 3), (6,), (5,), (7,), (4,)]"
211,28,5,"[(5, 6), (5, 1), (4, 2)]","[(1, 2, 3, 5), (6,)]"
212,33,4,"[(1, 5), (4, 2), (1, 2)]","[(1, 2, 3), (6,)]"
213,37,3,"[(6, 2), (1, 1)]","[(1, 2, 5)]"
214,16,7,"[(4, 4), (2, 2), (6, 2), (3, 6), (4, 4)]","[(1, 2, 5), (4,), (8,), (3, 6)]"
215,29,5,"[(6, 1), (4, 5), (6, 4)]","[(1, 2, 4), (3, 6)]"
216,23,6,"[(3, 5), (3, 1), (2, 1), (5, 2), (3, 1)]","[(1, 2, 5), (4,), (3,), (7,)]"
217,34,4,"[(2, 1), (5, 3), (2, 1)]","[(1, 2), (3, 5)]"
218,18,6,"[(6, 1), (1, 6), (1, 4), (4, 4), (2, 2)]","[(1, 2, 4), (7,), (5,), (8,)]"
219,5,8,"[(5, 5), (4, 4), (1, 5), (4, 5), (4, 3), (5, 1)]","[(1, 2, 3, 4), (8,), (6,), (9,), (7,)]"
220,29,5,"[(2, 2), (1, 1), (5, 5), (2, 2)]","[(1, 3), (2,), (4, 6)]"
221,0,9,"[(6, 1), (6, 6), (5, 6), (4, 3), (2, 6)]","[(1, 2, 4), (3, 9), (5, 6), (7,), (8,)]"
222,34,4,"[(5, 6), (3, 2)]","[(1, 2, 3, 5)]"
223,8,8,"[(4, 4), (6, 6), (5, 5), (5, 2), (3, 6)]","[(1, 2, 5), (3, 9), (4, 6), (7,)]"
224,35,4,"[(5, 5), (4, 6)]","[(1, 2, 3, 4)]"
225,39,3,"[(3, 3), (1, 1)]","[(1, 2, 3)]"
226,30,5,"[(2, 2), (6, 5), (2, 1)]","[(1, 3), (2, 4, 5)]"
227,24,6,"[(1, 2), (6, 2), (1, 5), (1, 3), (6, 5)]","[(1, 2), (3, 5), (6,), (4,)]"
228,19,6,"[(4, 4), (1, 3), (3, 5), (3, 3), (4, 2)]","[(1, 2, 5), (4,), (8,), (6,)]"
229,25,5,"[(2, 6), (6, 6), (1, 2)]","[(1, 2, 5), (3, 9)]"
230,35,4,"[(5, 5), (2, 2)]","[(1, 2, 3, 4)]"
231,21,6,"[(6, 4), (1, 5), (3, 5), (6, 5)]","[(1, 2, 3, 4), (6,), (8,)]"
232,23,6,"[(1, 2), (6, 1), (6, 6), (3, 1)]","[(1, 2), (3, 4), (5, 7)]"
233,39,3,"[(5, 1), (1, 1)]","[(1, 2, 3)]"
234,27,5,"[(1, 2), (3, 3), (5, 4), (3, 3)]","[(1, 2), (6,), (4, 5)]"
235,22,6,"[(4, 1), (4, 1), (1, 6), (2, 4), (1, 6)]","[(1, 4), (2, 3), (7,), (6,)]"
236,20,6,"[(2, 2), (4, 6), (5, 1), (3, 2), (2, 6)]","[(1, 3), (2, 8), (6,), (5,)]"
237,32,4,"[(4, 2), (3, 4), (5, 2)]","[(1, 2, 3), (7,)]"
238,35,4,"[(4, 6), (1, 2)]","[(1, 2, 3, 4)]"
239,17,7,"[(5, 1), (1, 6), (2, 2), (6, 5), (4, 2)]","[(1, 2, 3), (7,), (4,), (5, 6)]"
240,24,6,"[(4, 3), (3, 5), (3, 3), (3, 3)]","[(1, 2, 4), (3, 5), (6,)]"
241,25,5,"[(4, 1), (4, 5), (3, 3), (2, 5)]","[(1, 4), (2, 7), (6,)]"
242,38,3,"[(5, 2), (1, 3)]","[(1, 2, 4)]"
243,28,5,"[(5, 1), (2, 3), (5, 1), (1, 1)]","[(1, 2, 3), (5,), (6,)]"
244,28,5,"[(4, 1), (6, 6), (5, 2)]","[(1, 4), (2, 3, 7)]"
245,24,6,"[(5, 6), (2, 4), (3, 1), (1, 3)]","[(1, 2, 3, 5), (6,), (4,)]"
246,0,9,"[(2, 6), (3, 4), (4, 2), (6, 1), (2, 6), (3, 6)]","[(1, 2, 5), (3, 4), (6,), (7,), (8,), (9,)]"
247,16,7,"[(4, 5), (6, 5), (3, 6), (6, 4)]","[(1, 2, 6), (3, 8), (4, 5)]"
248,8,8,"[(6, 5), (3, 6), (1, 5), (1, 3), (5, 2), (4, 6)]","[(1, 2, 3, 5), (9,), (6,), (4,), (7,)]"
249,29,4,"[(2, 6), (6, 2), (1, 1)]","[(1, 2, 5), (8,)]"
250,39,3,"[(1, 5), (2, 1)]","[(1, 2, 3)]"
251,16,6,"[(5, 2), (3, 3), (2, 5), (5, 4), (6, 3)]","[(1, 2, 4), (6,), (7,), (9,)]"
252,17,7,"[(4, 4), (5, 5), (6, 4), (4, 1)]","[(1, 2, 5), (3, 7), (4, 6)]"
253,31,4,"[(4, 1), (4, 5), (6, 4)]","[(1, 4), (2, 7)]"
254,24,6,"[(3, 5), (3, 4), (3, 3), (6, 4)]","[(1, 2, 5), (3, 4), (6,)]"
255,14,7,"[(3, 4), (4, 3), (3, 2), (6, 6), (2, 3)]","[(1, 2, 4), (7,), (5,), (3, 9)]"
256,15,7,"[(3, 1), (2, 2), (6, 1), (3, 6), (1, 5), (6, 3)]","[(1, 3), (4,), (2, 5), (9,), (6,)]"
257,19,6,"[(3, 3), (4, 4), (6, 1), (1, 4), (6, 2)]","[(1, 2, 3), (8,), (7,), (5,)]"
258,7,8,"[(5, 2), (6, 2), (4, 5), (5, 1), (2, 6), (5, 5)]","[(1, 2, 4), (3, 5), (9,), (6,), (8,)]"
259,38,3,"[(1, 1), (4, 1), (2, 2)]","[(2,), (1, 4)]"
260,29,5,"[(1, 1), (6, 2), (2, 4), (4, 6)]","[(2,), (1, 3, 4), (6,)]"
261,33,4,"[(5, 1), (3, 3), (4, 6)]","[(1, 2, 3), (6,)]"
262,43,1,"[(1, 1), (1, 1)]","[(2,)]"
263,31,4,"[(2, 6), (2, 4), (2, 3)]","[(1, 2, 5), (6,)]"
264,33,4,"[(6, 6), (5, 5)]","[(1, 2, 3, 6)]"
265,14,6,"[(3, 5), (3, 3), (4, 4), (5, 4), (2, 3)]","[(1, 2, 5), (6,), (8,), (9,)]"
266,30,5,"[(6, 2), (1, 6), (3, 1)]","[(1, 2, 5), (3, 4)]"
267,24,6,"[(2, 4), (3, 6), (2, 4), (1, 1)]","[(1, 2, 3), (4, 5), (6,)]"
268,27,5,"[(3, 4), (5, 6), (6, 2)]","[(1, 2, 4), (3, 8)]"
269,35,4,"[(5, 5), (1, 3)]","[(1, 2, 3, 4)]"
270,36,3,"[(4, 5), (3, 3)]","[(1, 2, 6)]"
271,26,5,"[(1, 1), (3, 5), (4, 5), (1, 2)]","[(2,), (1, 3, 4), (9,)]"
272,22,6,"[(6, 6), (3, 4), (3, 1), (1, 5)]","[(1, 2, 3, 6), (7,), (4,)]"
273,32,4,"[(1, 4), (2, 6), (5, 1)]","[(1, 4), (2, 6)]"
274,18,6,"[(4, 2), (2, 3), (1, 6), (6, 3), (4, 3)]","[(1, 2, 3), (5,), (7,), (9,)]"
275,33,4,"[(6, 6), (4, 2)]","[(1, 2, 3, 6)]"
276,35,4,"[(5, 5), (1, 3)]","[(1, 2, 3, 4)]"
277,21,6,"[(5, 6), (3, 3), (6, 1), (2, 3)]","[(1, 2, 3, 5), (6,), (7,)]"
278,27,5,"[(4, 2), (6, 6), (3, 1)]","[(1, 2, 3), (4, 8)]"
279,27,5,"[(6, 2), (4, 6), (1, 4)]","[(1, 2, 5), (3, 7)]"
280,19,6,"[(4, 4), (1, 2), (3, 6), (3, 3), (3, 6)]","[(1, 2, 5), (3,), (9,), (6,)]"
281,16,7,"[(3, 1), (2, 5), (5, 3), (4, 6), (6, 4)]","[(1, 3), (2, 5), (8,), (4, 6)]"
282,11,7,"[(2, 5), (6, 5), (1, 6), (4, 5), (6, 1)]","[(1, 2, 4), (3, 8), (7,), (9,)]"
283,31,4,"[(5, 4), (1, 4), (5, 1)]","[(1, 2, 6), (5,)]"
284,39,3,"[(1, 5), (1, 2)]","[(1, 2, 3)]"
285,34,4,"[(2, 2), (2, 5), (4, 1)]","[(1, 3), (2, 5)]"
286,27,5,"[(5, 6), (6, 1), (5, 6)]","[(1, 2, 3, 5), (7,)]"
287,27,5,"[(3, 6), (5, 4), (2, 4)]","[(1, 2, 6), (4, 5)]"
288,18,6,"[(6, 3), (6, 3), (4, 5), (3, 1)]","[(1, 2, 6), (4, 5), (9,)]"
289,40,2,"[(3, 2), (1, 3)]","[(1, 4)]"
290,33,4,"[(1, 4), (4, 3), (3, 1)]","[(1, 4), (2, 5)]"
291,23,6,"[(6, 4), (1, 4), (3, 4), (4, 3)]","[(1, 2, 3, 4), (5,), (7,)]"
292,28,5,"[(6, 4), (1, 6), (4, 3)]","[(1, 2, 3, 4), (7,)]"
293,36,3,"[(5, 4), (2, 4)]","[(1, 2, 6)]"
294,28,5,"[(2, 1), (3, 5), (3, 3), (1, 1)]","[(1, 2), (3, 5), (6,)]"
295,15,7,"[(3, 2), (2, 6), (2, 6), (3, 6), (4, 5)]","[(1, 4), (2, 6), (3, 5), (9,)]"
296,21,6,"[(5, 4), (3, 1), (6, 5), (1, 5)]","[(1, 2, 6), (4,), (3, 8)]"
297,37,3,"[(2, 6), (3, 2)]","[(1, 2, 5)]"
298,40,2,"[(3, 2), (3, 1)]","[(1, 4)]"
299,26,5,"[(3, 3), (4, 4), (1, 4), (6, 6)]","[(1, 2, 3), (8,), (5,)]"
300,23,6,"[(6, 1), (2, 6), (6, 1), (2, 5)]","[(1, 2, 4), (3, 5), (7,)]"
301,28,5,"[(6, 1), (1, 2), (6, 1), (1, 1)]","[(1, 2, 4), (3,), (7,)]"
302,11,7,"[(5, 2), (3, 3), (3, 6), (6, 6), (3, 3)]","[(1, 2, 4), (6,), (9,), (5, 7)]"
303,18,6,"[(5, 3), (2, 4), (4, 5), (2, 2), (2, 4)]","[(1, 2, 5), (6,), (9,), (4,)]"
304,0,9,"[(5, 1), (5, 2), (3, 6), (4, 4), (2, 4), (5, 4)]","[(1, 2, 3), (7,), (4, 5), (8,), (6,), (9,)]"
305,19,6,"[(1, 3), (6, 1), (5, 2), (3, 5), (3, 2)]","[(1, 3), (2, 5), (7,), (8,)]"
306,26,5,"[(3, 4), (5, 2), (3, 2), (1, 3)]","[(1, 2, 4), (7,), (5,)]"
307,12,7,"[(4, 6), (3, 3), (3, 5), (3, 6), (1, 1)]","[(1, 2, 3, 4), (6,), (8,), (9,)]"
308,40,2,"[(3, 2), (1, 3)]","[(1, 4)]"
309,26,5,"[(6, 6), (4, 3), (1, 5)]","[(1, 2, 3, 6), (7,)]"
310,23,6,"[(4, 4), (2, 5), (1, 6), (3, 4)]","[(1, 2, 5), (3, 4), (7,)]"
311,13,7,"[(1, 5), (2, 2), (4, 5), (5, 3), (4, 1), (1, 2)]","[(1, 2, 3), (4,), (9,), (8,), (5,)]"
312,28,5,"[(5, 5), (1, 6), (1, 6)]","[(1, 2, 3, 4), (7,)]"
313,21,6,"[(6, 2), (3, 6), (5, 2), (1, 6)]","[(1, 2, 5), (3, 6), (7,)]"
314,32,4,"[(2, 3), (1, 2), (2, 3), (4, 1)]","[(1, 4), (3,), (5,)]"
315,20,6,"[(1, 4), (5, 6), (3, 6), (3, 3)]","[(1, 4), (2, 3, 6), (9,)]"
316,38,3,"[(3, 4), (1, 3)]","[(1, 2, 4)]"
317,28,5,"[(6, 4), (5, 2), (5, 5)]","[(1, 2, 3, 4), (7,)]"
318,26,5,"[(3, 3), (2, 3), (3, 5), (1, 1)]","[(1, 2, 3), (5,), (8,)]"
319,8,8,"[(3, 6), (1, 3), (6, 4), (4, 5), (3, 2), (3, 3)]","[(1, 2, 6), (4,), (3, 7), (9,), (5,)]"
320,17,7,"[(2, 3), (5, 3), (4, 6), (2, 3), (2, 4)]","[(1, 4), (2, 6), (3, 7), (5,)]"
321,33,4,"[(2, 4), (3, 3), (2, 4)]","[(1, 2, 3), (6,)]"
322,37,3,"[(3, 5), (1, 4)]","[(1, 2, 5)]"
323,29,5,"[(6, 6), (1, 3), (4, 6)]","[(1, 2, 3, 6), (4,)]"
324,9,8,"[(3, 3), (6, 6), (6, 6), (2, 4), (5, 1)]","[(1, 2, 3), (4, 8), (5, 7), (6,)]"
325,0,9,"[(5, 4), (6, 3), (3, 6), (6, 1), (5, 6)]","[(1, 2, 6), (4, 5), (9,), (7,), (3, 8)]"
326,33,4,"[(2, 5), (3, 2), (2, 3)]","[(1, 2, 4), (5,)]"
327,27,5,"[(2, 1), (5, 5), (2, 3), (1, 6)]","[(1, 2), (3, 7), (5,)]"
328,27,5,"[(3, 5), (4, 6), (1, 6)]","[(1, 2, 5), (3, 7)]"
329,22,6,"[(3, 2), (5, 6), (2, 5), (3, 1)]","[(1, 4), (2, 3, 6), (7,)]"
330,39,3,"[(3, 3), (1, 2)]","[(1, 2, 3)]"
331,30,5,"[(1, 5), (5, 4), (3, 1)]","[(1, 2, 3), (4, 5)]"
332,40,2,"[(1, 4), (1, 3)]","[(1, 4)]"
333,28,5,"[(4, 5), (4, 4), (1, 1)]","[(1, 2, 6), (3, 5)]"
334,20,6,"[(5, 5), (5, 3), (3, 4), (6, 4)]","[(1, 2, 3, 4), (8,), (7,)]"
335,16,7,"[(5, 3), (6, 2), (6, 1), (3, 3), (6, 2)]","[(1, 2, 5), (8,), (3, 4), (6,)]"
336,22,6,"[(2, 4), (4, 3), (5, 5), (1, 2)]","[(1, 2, 3), (7,), (4, 6)]"
337,20,6,"[(1, 4), (2, 3), (4, 5), (2, 4), (6, 4)]","[(1, 4), (2, 3), (9,), (6,)]"
338,11,7,"[(3, 2), (4, 3), (3, 4), (3, 3), (3, 6), (6, 4)]","[(1, 4), (2, 5), (7,), (6,), (9,)]"
339,40,2,"[(4, 1), (3, 1)]","[(1, 4)]"
340,33,4,"[(6, 6), (1, 1)]","[(1, 2, 3, 6)]"
341,24,6,"[(4, 1), (3, 3), (6, 4), (2, 1)]","[(1, 4), (6,), (2, 3, 5)]"
342,30,5,"[(5, 3), (6, 1), (2, 1)]","[(1, 2, 5), (3, 4)]"
343,19,6,"[(4, 1), (5, 4), (6, 6), (6, 6)]","[(1, 4), (2, 7), (3, 9)]"
344,23,6,"[(3, 3), (2, 3), (5, 6), (5, 2)]","[(1, 2, 3), (5,), (4, 7)]"
345,9,8,"[(6, 6), (4, 5), (4, 4), (5, 2), (4, 2)]","[(1, 2, 3, 6), (4, 5), (8,), (7,)]"
346,29,5,"[(1, 5), (6, 4), (3, 3)]","[(1, 2, 3), (4, 6)]"
347,33,4,"[(1, 2), (4, 5), (5, 5)]","[(1, 2), (3, 6)]"
348,17,7,"[(5, 1), (3, 2), (6, 4), (2, 5), (2, 4)]","[(1, 2, 3), (5,), (4, 6), (7,)]"
349,17,6,"[(5, 6), (3, 5), (6, 3), (3, 5)]","[(1, 2, 3, 5), (8,), (9,)]"
350,33,4,"[(2, 4), (3, 3), (5, 5)]","[(1, 2, 3), (6,)]"
351,15,7,"[(4, 3), (3, 2), (6, 5), (3, 4), (4, 4)]","[(1, 2, 4), (5,), (3, 8), (7,)]"
352,30,5,"[(2, 4), (5, 4), (3, 2)]","[(1, 2, 3), (4, 5)]"
353,9,8,"[(6, 3), (2, 3), (1, 2), (3, 5), (6, 5), (3, 3)]","[(1, 2, 6), (5,), (3,), (8,), (4, 7)]"
354,9,8,"[(1, 6), (1, 5), (4, 1), (4, 6), (3, 5), (2, 6)]","[(1, 2, 4), (6,), (5,), (3, 7), (8,)]"
355,19,6,"[(3, 4), (5, 5), (4, 5), (5, 2)]","[(1, 2, 4), (3, 7), (9,)]"
356,27,5,"[(4, 6), (4, 4), (5, 3)]","[(1, 2, 3, 4), (8,)]"
357,37,3,"[(5, 3), (4, 1)]","[(1, 2, 5)]"
358,32,4,"[(1, 3), (4, 5), (1, 1)]","[(1, 3), (2, 7)]"
359,0,9,"[(2, 6), (3, 1), (6, 6), (4, 2), (4, 3), (3, 5)]","[(1, 2, 5), (4,), (3, 9), (6,), (7,), (8,)]"
360,38,3,"[(1, 1), (2, 3), (2, 2)]","[(2,), (1, 4)]"
361,20,6,"[(5, 3), (6, 2), (4, 5), (5, 1)]","[(1, 2, 5), (8,), (3, 6)]"
362,13,7,"[(2, 2), (5, 4), (3, 5), (5, 6), (5, 2)]","[(1, 3), (2, 7), (8,), (5, 6)]"
363,24,6,"[(1, 1), (5, 1), (2, 2), (1, 2), (2, 4), (2, 4)]","[(2,), (1, 5), (4,), (3,), (6,)]"
364,38,3,"[(4, 3), (1, 3)]","[(1, 2, 4)]"
365,31,4,"[(3, 4), (1, 6), (6, 4)]","[(1, 2, 4), (7,)]"
366,5,8,"[(2, 3), (6, 5), (3, 6), (5, 2), (3, 5), (5, 1)]","[(1, 4), (2, 3, 6), (9,), (7,), (8,)]"
367,35,4,"[(6, 4), (6, 4)]","[(1, 2, 3, 4)]"
368,33,4,"[(6, 6), (6, 4)]","[(1, 2, 3, 6)]"
369,24,6,"[(2, 2), (2, 6), (3, 6), (4, 1)]","[(1, 3), (2, 6), (4, 5)]"
370,27,5,"[(1, 1), (2, 6), (2, 6), (3, 5)]","[(2,), (1, 3, 4), (8,)]"
371,20,6,"[(1, 1), (3, 5), (6, 3), (1, 5), (5, 4)]","[(2,), (1, 3, 4), (9,), (6,)]"
372,30,5,"[(3, 5), (6, 1), (1, 4)]","[(1, 2, 5), (3, 4)]"
373,27,5,"[(4, 4), (6, 4), (4, 3)]","[(1, 2, 5), (3, 7)]"
374,40,2,"[(3, 2), (2, 2)]","[(1, 4)]"
375,23,6,"[(3, 5), (2, 1), (5, 6), (1, 4)]","[(1, 2, 5), (3,), (4, 7)]"
376,31,4,"[(4, 3), (3, 4), (4, 6)]","[(1, 2, 4), (7,)]"
377,27,5,"[(2, 3), (6, 1), (1, 5), (4, 2)]","[(1, 4), (2, 5), (6,)]"
378,30,5,"[(2, 3), (1, 1), (5, 3), (6, 4)]","[(1, 4), (2,), (3, 5)]"
379,27,5,"[(4, 4), (4, 6), (1, 1)]","[(1, 2, 5), (3, 7)]"
380,27,5,"[(6, 1), (6, 5), (4, 4)]","[(1, 2, 4), (3, 8)]"
381,29,5,"[(6, 3), (4, 3), (3, 3)]","[(1, 2, 6), (3, 4)]"
382,36,3,"[(3, 1), (4, 1), (4, 1)]","[(1, 3), (5,)]"
383,29,5,"[(1, 3), (6, 6), (1, 3)]","[(1, 3), (2, 4, 6)]"
384,31,4,"[(4, 5), (2, 3), (3, 3)]","[(1, 2, 6), (5,)]"
385,22,5,"[(2, 1), (4, 1), (4, 2), (5, 4), (2, 4)]","[(1, 2), (5,), (6,), (9,)]"
386,22,6,"[(3, 4), (2, 5), (4, 5), (1, 3)]","[(1, 2, 4), (7,), (3, 6)]"
387,40,2,"[(3, 2), (3, 1)]","[(1, 4)]"
388,35,4,"[(6, 1), (1, 2), (2, 1)]","[(1, 2, 4), (3,)]"
389,40,2,"[(2, 3), (3, 1)]","[(1, 4)]"
390,38,3,"[(2, 5), (1, 3)]","[(1, 2, 4)]"
391,22,6,"[(1, 2), (4, 1), (2, 2), (5, 6), (3, 5)]","[(1, 2), (5,), (4,), (3, 8)]"
392,28,5,"[(2, 6), (4, 5), (1, 4)]","[(1, 2, 5), (3, 6)]"
393,31,4,"[(4, 2), (5, 3), (1, 1)]","[(1, 2, 3), (8,)]"
394,15,7,"[(3, 1), (5, 6), (3, 4), (4, 4), (1, 1)]","[(1, 3), (2, 4, 5), (7,), (8,)]"
395,37,3,"[(1, 2), (2, 3), (4, 1)]","[(1, 2), (5,)]"
396,27,5,"[(4, 5), (2, 3), (1, 3), (2, 4)]","[(1, 2, 6), (5,), (4,)]"
397,31,4,"[(4, 1), (4, 5), (5, 5)]","[(1, 4), (2, 7)]"
398,37,3,"[(1, 2), (2, 3), (1, 1)]","[(1, 2), (5,)]"
399,31,4,"[(5, 4), (4, 1), (1, 5)]","[(1, 2, 6), (5,)]"
400,6,8,"[(3, 3), (1, 6), (2, 6), (4, 5), (4, 5), (3, 6)]","[(1, 2, 3), (7,), (8,), (4, 5), (9,)]"
401,29,5,"[(4, 5), (1, 6), (1, 2)]","[(1, 2, 6), (3, 4)]"
402,20,6,"[(3, 6), (4, 4), (2, 6), (1, 1)]","[(1, 2, 6), (3, 5), (8,)]"
403,32,4,"[(1, 1), (5, 6), (3, 4)]","[(2,), (1, 3, 7)]"
404,9,8,"[(5, 4), (2, 1), (5, 2), (4, 4), (4, 5), (5, 5)]","[(1, 2, 6), (3,), (7,), (8,), (4, 5)]"
405,30,5,"[(4, 3), (2, 6), (3, 1)]","[(1, 2, 4), (3, 5)]"
406,36,3,"[(5, 4), (3, 3)]","[(1, 2, 6)]"
407,18,6,"[(6, 4), (6, 3), (2, 6), (1, 3)]","[(1, 2, 3, 4), (9,), (8,)]"
408,16,7,"[(2, 4), (3, 3), (6, 2), (6, 3), (3, 3)]","[(1, 2, 3), (6,), (8,), (4, 5)]"
409,23,5,"[(6, 1), (4, 2), (6, 3), (1, 3)]","[(1, 2, 4), (6,), (9,)]"
410,28,5,"[(1, 1), (6, 1), (5, 3), (3, 2)]","[(2,), (1, 6), (3, 5)]"
411,29,5,"[(6, 4), (4, 2), (2, 1)]","[(1, 2, 3, 4), (6,)]"
412,36,3,"[(3, 6), (4, 2)]","[(1, 2, 6)]"
413,34,4,"[(6, 5), (1, 2)]","[(1, 2, 3, 5)]"
414,14,7,"[(6, 5), (6, 5), (6, 3), (1, 3)]","[(1, 2, 3, 5), (4, 7), (9,)]"
415,18,6,"[(2, 1), (5, 5), (5, 3), (2, 4), (3, 3)]","[(1, 2), (3, 7), (8,), (6,)]"
416,8,8,"[(3, 5), (1, 2), (5, 6), (3, 6), (1, 5), (5, 4)]","[(1, 2, 5), (3,), (4, 7), (9,), (6,)]"
417,30,5,"[(5, 6), (2, 2), (3, 1)]","[(1, 2, 3, 5), (4,)]"
418,28,5,"[(5, 2), (4, 6), (1, 2)]","[(1, 2, 4), (3, 7)]"
419,20,6,"[(2, 5), (5, 6), (5, 2), (1, 2)]","[(1, 2, 4), (3, 8), (7,)]"
420,24,6,"[(5, 5), (5, 6), (3, 3)]","[(1, 2, 3, 4), (5, 6)]"
421,29,5,"[(4, 2), (5, 5), (2, 4)]","[(1, 2, 3), (4, 6)]"
422,24,6,"[(2, 5), (2, 3), (3, 6), (2, 2)]","[(1, 2, 4), (5,), (3, 6)]"
423,20,6,"[(6, 2), (6, 3), (3, 5), (5, 5)]","[(1, 2, 5), (3, 6), (8,)]"
424,24,6,"[(4, 5), (3, 2), (5, 2), (2, 1)]","[(1, 2, 6), (5,), (3, 4)]"
425,33,4,"[(2, 4), (3, 3), (1, 2)]","[(1, 2, 3), (6,)]"
426,6,8,"[(2, 5), (2, 5), (6, 5), (3, 6), (3, 2), (3, 1)]","[(1, 2, 4), (7,), (3, 8), (9,), (5,)]"
427,29,5,"[(4, 2), (6, 4), (2, 4)]","[(1, 2, 3), (4, 6)]"
428,23,6,"[(1, 1), (3, 2), (4, 4), (2, 5), (6, 6)]","[(2,), (1, 4), (3, 5), (7,)]"
429,20,6,"[(5, 2), (6, 5), (6, 1), (2, 1)]","[(1, 2, 4), (3, 8), (7,)]"
430,27,5,"[(4, 2), (3, 5), (1, 3), (4, 4)]","[(1, 2, 3), (8,), (4,)]"
431,28,5,"[(6, 1), (5, 5), (4, 3)]","[(1, 2, 4), (3, 7)]"
432,6,8,"[(1, 1), (5, 6), (6, 6), (2, 3), (5, 4), (6, 2)]","[(2,), (1, 3, 7), (4, 8), (5,), (9,)]"
433,40,2,"[(3, 2), (1, 3)]","[(1, 4)]"
434,21,6,"[(5, 5), (3, 3), (6, 2), (4, 6)]","[(1, 2, 3, 4), (6,), (8,)]"
435,30,5,"[(4, 2), (3, 6), (2, 3)]","[(1, 2, 3), (4, 5)]"
436,42,2,"[(1, 2), (1, 1)]","[(1, 2)]"
437,23,6,"[(4, 6), (6, 6), (6, 6)]","[(1, 2, 3, 4), (5, 7)]"
438,28,5,"[(4, 6), (2, 5), (2, 5)]","[(1, 2, 3, 4), (7,)]"
439,24,6,"[(1, 3), (3, 2), (6, 2), (1, 3), (1, 5)]","[(1, 3), (5,), (2, 6), (4,)]"
440,16,7,"[(1, 4), (4, 3), (6, 3), (4, 4), (5, 3)]","[(1, 4), (2, 5), (3, 6), (8,)]"
441,5,8,"[(1, 1), (5, 5), (6, 6), (4, 5), (4, 3), (5, 5)]","[(2,), (1, 3, 6), (4, 8), (9,), (7,)]"
442,18,6,"[(1, 2), (6, 5), (5, 1), (5, 2), (6, 6)]","[(1, 2), (3, 8), (6,), (7,)]"
443,22,6,"[(3, 3), (4, 5), (4, 4), (1, 4)]","[(1, 2, 3), (4, 5), (8,)]"
444,24,6,"[(5, 6), (4, 6), (2, 3)]","[(1, 2, 3, 5), (4, 6)]"
445,23,6,"[(6, 1), (3, 4), (2, 6), (1, 2)]","[(1, 2, 4), (7,), (3, 5)]"
446,13,7,"[(4, 3), (2, 1), (4, 5), (4, 4), (4, 1), (4, 6)]","[(1, 2, 4), (3,), (9,), (8,), (5,)]"
447,36,3,"[(1, 1), (1, 6), (1, 1)]","[(2,), (1, 6)]"
448,31,4,"[(1, 4), (5, 4), (2, 2)]","[(1, 4), (2, 7)]"
449,24,6,"[(6, 4), (6, 5), (4, 1)]","[(1, 2, 3, 4), (5, 6)]"
450,24,6,"[(1, 4), (5, 6), (1, 4), (2, 3)]","[(1, 4), (2, 3, 6), (5,)]"
451,12,7,"[(6, 2), (3, 6), (5, 4), (1, 6), (3, 6)]","[(1, 2, 5), (3, 6), (9,), (7,)]"
452,41,2,"[(3, 1), (1, 2)]","[(1, 3)]"
453,17,7,"[(5, 2), (6, 4), (5, 6), (6, 5)]","[(1, 2, 4), (3, 7), (5, 6)]"
454,36,3,"[(3, 6), (1, 5)]","[(1, 2, 6)]"
455,23,6,"[(1, 6), (5, 2), (5, 3), (3, 4)]","[(1, 2, 4), (7,), (3, 5)]"
456,22,6,"[(1, 4), (2, 3), (6, 1), (2, 4), (1, 2)]","[(1, 4), (2, 3), (7,), (6,)]"
457,20,6,"[(2, 2), (3, 6), (6, 6), (5, 2)]","[(1, 3), (2, 7), (4, 8)]"
458,41,2,"[(2, 2), (2, 1)]","[(1, 3)]"
459,31,4,"[(5, 1), (5, 3), (1, 2)]","[(1, 2, 3), (8,)]"
460,8,8,"[(5, 6), (5, 5), (5, 2), (6, 3), (4, 2)]","[(1, 2, 3, 5), (4, 6), (7,), (9,)]"
461,30,5,"[(4, 2), (5, 4), (2, 2)]","[(1, 2, 3), (4, 5)]"
462,15,7,"[(5, 2), (4, 4), (5, 3), (3, 4), (4, 3)]","[(1, 2, 4), (3, 5), (8,), (7,)]"
463,28,5,"[(3, 2), (1, 4), (1, 6), (6, 6)]","[(1, 4), (2, 3), (7,)]"
464,38,3,"[(6, 1), (3, 1)]","[(1, 2, 4)]"
465,37,3,"[(2, 6), (2, 3)]","[(1, 2, 5)]"
466,31,4,"[(2, 4), (6, 2), (3, 5)]","[(1, 2, 3), (8,)]"
467,22,6,"[(5, 3), (2, 5), (4, 4), (5, 5)]","[(1, 2, 5), (3, 4), (8,)]"
468,14,6,"[(2, 6), (1, 5), (2, 6), (4, 5), (6, 6)]","[(1, 2, 5), (6,), (8,), (9,)]"
469,38,3,"[(4, 3), (2, 2)]","[(1, 2, 4)]"
470,22,6,"[(2, 5), (4, 1), (6, 5), (2, 1)]","[(1, 2, 4), (5,), (3, 8)]"
471,31,4,"[(6, 2), (4, 2), (5, 1)]","[(1, 2, 5), (6,)]"
472,15,7,"[(3, 4), (2, 4), (4, 4), (3, 6), (5, 5)]","[(1, 2, 4), (6,), (3, 5), (9,)]"
473,21,6,"[(4, 2), (6, 3), (5, 4), (6, 3)]","[(1, 2, 3), (4, 5), (9,)]"
474,24,6,"[(6, 4), (5, 6), (3, 1)]","[(1, 2, 3, 4), (5, 6)]"
475,14,7,"[(2, 1), (3, 6), (5, 3), (2, 5), (3, 1), (4, 6)]","[(1, 2), (3, 6), (8,), (7,), (4,)]"
476,25,5,"[(4, 3), (5, 2), (4, 2), (3, 4)]","[(1, 2, 4), (7,), (6,)]"
477,26,5,"[(3, 2), (1, 4), (5, 4), (5, 4)]","[(1, 4), (2, 3), (9,)]"
478,15,7,"[(6, 5), (3, 6), (6, 4), (5, 6)]","[(1, 2, 3, 5), (9,), (4, 6)]"
479,18,6,"[(1, 2), (2, 4), (4, 6), (2, 6), (5, 1)]","[(1, 2), (6,), (3, 7), (8,)]"
480,30,5,"[(2, 4), (6, 3), (3, 1)]","[(1, 2, 3), (4, 5)]"
481,22,6,"[(3, 1), (3, 1), (3, 3), (5, 4), (6, 6)]","[(1, 3), (4,), (6,), (2, 7)]"
482,32,4,"[(2, 5), (2, 4), (1, 5)]","[(1, 2, 4), (6,)]"
483,18,6,"[(3, 5), (3, 1), (5, 3), (5, 2), (4, 1)]","[(1, 2, 5), (4,), (8,), (7,)]"
484,0,9,"[(5, 6), (2, 5), (6, 4), (2, 6), (3, 6)]","[(1, 2, 3, 5), (7,), (4, 6), (8,), (9,)]"
485,16,7,"[(3, 4), (6, 2), (3, 5), (3, 3), (3, 3)]","[(1, 2, 4), (3, 5), (8,), (6,)]"
486,11,7,"[(4, 5), (5, 3), (4, 5), (3, 5), (4, 6)]","[(1, 2, 6), (3, 5), (9,), (8,)]"
487,29,5,"[(3, 2), (6, 5), (5, 6)]","[(1, 4), (2, 3, 6)]"
488,25,5,"[(1, 6), (1, 5), (6, 1), (1, 1)]","[(1, 2, 4), (6,), (7,)]"
489,28,5,"[(3, 6), (3, 5), (1, 5)]","[(1, 2, 6), (3, 5)]"
490,26,5,"[(3, 3), (4, 1), (6, 2), (4, 1)]","[(1, 2, 3), (5,), (8,)]"
491,7,8,"[(4, 5), (6, 6), (6, 2), (6, 3), (6, 4)]","[(1, 2, 6), (3, 4, 5), (8,), (9,)]"
492,29,5,"[(2, 1), (5, 1), (2, 5), (1, 5)]","[(1, 2), (6,), (3, 4)]"
493,29,5,"[(2, 1), (5, 1), (3, 4), (5, 1)]","[(1, 2), (6,), (3, 4)]"
494,23,6,"[(1, 5), (1, 4), (6, 5), (2, 3)]","[(1, 2, 3), (5,), (4, 7)]"
495,36,3,"[(5, 4), (1, 5)]","[(1, 2, 6)]"
496,40,2,"[(4, 1), (1, 3)]","[(1, 4)]"
497,16,7,"[(5, 6), (4, 6), (6, 2), (3, 2)]","[(1, 2, 3, 5), (4, 6), (8,)]"
498,18,6,"[(6, 1), (1, 4), (5, 2), (2, 6), (6, 4)]","[(1, 2, 4), (5,), (7,), (8,)]"
499,22,6,"[(4, 3), (4, 4), (5, 3), (5, 6)]","[(1, 2, 4), (3, 5), (8,)]"
500,21,6,"[(4, 3), (5, 6), (3, 3), (6, 2)]","[(1, 2, 4), (3, 8), (6,)]"
501,22,6,"[(5, 2), (6, 1), (3, 6), (1, 2)]","[(1, 2, 4), (7,), (3, 6)]"
502,12,7,"[(5, 5), (2, 6), (3, 3), (6, 3), (3, 1)]","[(1, 2, 3, 4), (8,), (6,), (9,)]"
503,31,4,"[(2, 1), (6, 5), (2, 6)]","[(1, 2), (3, 8)]"
504,31,4,"[(2, 3), (3, 6), (1, 3)]","[(1, 4), (2, 7)]"
505,0,9,"[(6, 1), (1, 6), (5, 4), (5, 4), (2, 3), (2, 6)]","[(1, 2, 4), (7,), (3, 6), (9,), (5,), (8,)]"
506,34,4,"[(6, 5), (1, 2)]","[(1, 2, 3, 5)]"
507,22,6,"[(6, 5), (1, 3), (5, 3), (2, 2)]","[(1, 2, 3, 5), (4,), (8,)]"
508,27,5,"[(3, 4), (5, 6), (2, 2)]","[(1, 2, 4), (3, 8)]"
509,35,4,"[(5, 1), (2, 2), (4, 6)]","[(1, 2, 3), (4,)]"
510,24,6,"[(3, 5), (4, 5), (3, 1), (4, 6)]","[(1, 2, 5), (3, 6), (4,)]"
511,29,5,"[(5, 2), (5, 4), (3, 1)]","[(1, 2, 4), (3, 6)]"
512,22,6,"[(4, 5), (2, 2), (4, 6), (5, 2)]","[(1, 2, 6), (4,), (3, 7)]"
513,26,5,"[(2, 6), (3, 1), (2, 5), (1, 1)]","[(1, 2, 5), (4,), (7,)]"
514,20,6,"[(5, 4), (5, 4), (2, 5), (6, 1)]","[(1, 2, 6), (4, 5), (7,)]"
515,21,6,"[(1, 5), (5, 5), (4, 4), (1, 2)]","[(1, 2, 3), (4, 6), (8,)]"
516,24,6,"[(3, 1), (1, 6), (6, 4), (5, 5)]","[(1, 3), (2, 5), (4, 6)]"
517,15,7,"[(3, 3), (1, 4), (2, 2), (2, 4), (3, 6), (3, 2)]","[(1, 2, 3), (5,), (4,), (6,), (9,)]"
518,5,8,"[(1, 2), (6, 1), (5, 4), (6, 1), (1, 5), (4, 4), (6, 6)]","[(1, 2), (3, 4), (9,), (7,), (6,), (8,)]"
519,20,6,"[(4, 4), (6, 5), (1, 5), (2, 1)]","[(1, 2, 5), (3, 8), (6,)]"
520,22,6,"[(3, 4), (5, 5), (5, 1), (5, 6)]","[(1, 2, 4), (3, 7), (6,)]"
521,28,5,"[(1, 2), (2, 3), (6, 3), (3, 2)]","[(1, 2), (5,), (3, 6)]"
522,38,3,"[(6, 1), (2, 2)]","[(1, 2, 4)]"
523,19,6,"[(6, 4), (5, 4), (1, 6), (2, 2)]","[(1, 2, 3, 4), (9,), (7,)]"
524,24,6,"[(3, 3), (1, 5), (4, 5), (1, 3)]","[(1, 2, 3), (6,), (4, 5)]"
525,30,5,"[(4, 2), (1, 4), (2, 2), (4, 6)]","[(1, 2, 3), (5,), (4,)]"
526,28,5,"[(1, 1), (5, 3), (3, 4), (6, 1)]","[(2,), (1, 3, 4), (7,)]"
527,21,6,"[(4, 5), (1, 4), (6, 4), (2, 1)]","[(1, 2, 6), (5,), (3, 7)]"
528,39,3,"[(1, 5), (1, 1)]","[(1, 2, 3)]"
529,25,5,"[(4, 5), (6, 5), (6, 4)]","[(1, 2, 6), (3, 8)]"
530,24,6,"[(3, 2), (1, 2), (3, 3), (1, 6), (4, 2)]","[(1, 4), (3,), (6,), (2, 5)]"
531,20,6,"[(1, 6), (6, 5), (3, 4), (6, 6)]","[(1, 2, 4), (3, 8), (7,)]"
532,20,6,"[(4, 6), (5, 2), (3, 5), (1, 3)]","[(1, 2, 3, 4), (7,), (8,)]"
533,0,9,"[(6, 3), (2, 6), (4, 3), (6, 6), (4, 5)]","[(1, 2, 6), (3, 5), (7,), (4, 8), (9,)]"
534,34,4,"[(1, 1), (3, 6), (3, 2)]","[(2,), (1, 3, 5)]"
535,25,5,"[(5, 6), (3, 6), (2, 1)]","[(1, 2, 3, 5), (9,)]"
536,9,8,"[(2, 2), (3, 1), (5, 1), (3, 2), (2, 6), (3, 6), (5, 5)]","[(1, 3), (4,), (6,), (5,), (8,), (2, 7)]"
537,30,5,"[(4, 2), (3, 6), (4, 6)]","[(1, 2, 3), (4, 5)]"
538,11,7,"[(1, 3), (4, 5), (6, 6), (4, 5), (3, 1)]","[(1, 3), (2, 7), (4, 8), (9,)]"
539,27,5,"[(6, 4), (5, 3), (4, 4)]","[(1, 2, 3, 4), (8,)]"
540,25,5,"[(3, 4), (6, 1), (3, 3), (1, 5)]","[(1, 2, 4), (7,), (6,)]"
541,14,7,"[(5, 5), (4, 5), (6, 6), (5, 5)]","[(1, 2, 3, 4), (9,), (5, 7)]"
542,17,7,"[(5, 5), (3, 4), (5, 6), (3, 2)]","[(1, 2, 3, 4), (7,), (5, 6)]"
543,24,6,"[(4, 5), (2, 1), (3, 6), (5, 1)]","[(1, 2, 6), (3,), (4, 5)]"
544,31,4,"[(4, 1), (3, 6), (2, 5)]","[(1, 4), (2, 7)]"
545,38,3,"[(2, 5), (1, 3)]","[(1, 2, 4)]"
546,29,4,"[(5, 3), (5, 3), (3, 5)]","[(1, 2, 5), (8,)]"
547,25,5,"[(6, 5), (5, 4), (2, 1)]","[(1, 2, 3, 5), (9,)]"
548,30,5,"[(5, 2), (4, 4), (6, 5)]","[(1, 2, 4), (3, 5)]"
549,28,5,"[(3, 1), (2, 3), (6, 2), (1, 1)]","[(1, 3), (5,), (2, 6)]"
550,20,6,"[(6, 1), (6, 5), (4, 3), (5, 2)]","[(1, 2, 4), (3, 8), (7,)]"
551,18,6,"[(4, 6), (3, 5), (4, 5), (6, 4)]","[(1, 2, 3, 4), (8,), (9,)]"
552,37,3,"[(1, 2), (1, 4), (4, 1)]","[(1, 2), (5,)]"
553,24,6,"[(6, 6), (6, 3), (1, 1)]","[(1, 2, 3, 6), (4, 5)]"
554,22,6,"[(4, 2), (6, 5), (1, 5), (5, 5)]","[(1, 2, 3), (4, 7), (6,)]"
555,16,7,"[(2, 4), (2, 6), (3, 6), (1, 5), (3, 1)]","[(1, 2, 3), (8,), (4, 5), (6,)]"
556,40,2,"[(1, 1), (2, 1), (1, 2)]","[(2,), (3,)]"
557,15,7,"[(1, 1), (5, 3), (2, 3), (2, 4), (4, 5), (2, 3)]","[(2,), (1, 3, 4), (5,), (6,), (9,)]"
558,19,6,"[(2, 4), (3, 5), (2, 5), (2, 3), (5, 3)]","[(1, 2, 3), (8,), (7,), (5,)]"
559,20,6,"[(6, 2), (6, 5), (4, 2), (6, 6)]","[(1, 2, 5), (3, 8), (6,)]"
560,24,6,"[(3, 2), (1, 2), (3, 2), (6, 2), (4, 1)]","[(1, 4), (3,), (5,), (2, 6)]"
561,34,4,"[(1, 2), (6, 2), (2, 1)]","[(1, 2), (3, 5)]"
562,36,3,"[(4, 5), (2, 4)]","[(1, 2, 6)]"
563,27,5,"[(6, 2), (4, 6), (1, 6)]","[(1, 2, 5), (3, 7)]"
564,29,5,"[(2, 4), (4, 6), (5, 5)]","[(1, 2, 3), (4, 6)]"
565,20,6,"[(1, 6), (4, 1), (3, 4), (3, 3), (1, 5)]","[(1, 2, 4), (5,), (7,), (6,)]"
566,15,7,"[(4, 2), (2, 2), (6, 6), (6, 2), (1, 2)]","[(1, 2, 3), (4,), (5, 7), (8,)]"
567,38,3,"[(1, 6), (2, 2)]","[(1, 2, 4)]"
568,21,6,"[(6, 1), (3, 5), (5, 4), (2, 2)]","[(1, 2, 4), (3, 5), (9,)]"
569,24,6,"[(1, 2), (3, 6), (3, 6), (1, 4)]","[(1, 2), (3, 6), (4, 5)]"
570,23,6,"[(2, 5), (1, 4), (1, 6), (1, 2), (6, 5)]","[(1, 2, 4), (5,), (7,), (3,)]"
571,8,8,"[(2, 6), (4, 6), (5, 4), (2, 2), (5, 1), (3, 2)]","[(1, 2, 5), (3, 7), (9,), (4,), (6,)]"
572,26,5,"[(2, 3), (2, 5), (1, 6), (5, 5)]","[(1, 4), (2, 5), (7,)]"
573,29,5,"[(5, 4), (5, 2), (1, 2)]","[(1, 2, 6), (3, 4)]"
574,15,7,"[(4, 1), (6, 1), (6, 2), (5, 5), (5, 2)]","[(1, 4), (2, 5), (8,), (3, 7)]"
575,31,4,"[(3, 5), (2, 4), (4, 1)]","[(1, 2, 5), (6,)]"
576,18,6,"[(4, 5), (6, 5), (4, 3), (4, 6)]","[(1, 2, 6), (3, 8), (7,)]"
577,22,6,"[(2, 2), (5, 5), (3, 6), (6, 5)]","[(1, 3), (2, 8), (4, 5)]"
578,14,7,"[(2, 1), (4, 3), (3, 3), (6, 2), (2, 5), (3, 3)]","[(1, 2), (3, 4), (6,), (8,), (7,)]"
579,35,4,"[(6, 4), (1, 3)]","[(1, 2, 3, 4)]"
580,22,6,"[(3, 2), (6, 5), (6, 1), (4, 6)]","[(1, 4), (2, 3, 6), (7,)]"
581,31,4,"[(3, 4), (1, 6), (1, 6)]","[(1, 2, 4), (7,)]"
582,9,8,"[(4, 3), (6, 3), (3, 5), (3, 4), (4, 1), (1, 6)]","[(1, 2, 4), (3, 6), (8,), (7,), (5,)]"
583,11,7,"[(5, 4), (2, 3), (6, 6), (5, 3), (1, 1)]","[(1, 2, 6), (5,), (3, 9), (8,)]"
584,35,4,"[(6, 4), (1, 1)]","[(1, 2, 3, 4)]"
585,14,7,"[(6, 6), (1, 6), (3, 1), (2, 6), (1, 1)]","[(1, 2, 3, 6), (7,), (4,), (8,)]"
586,20,6,"[(1, 1), (1, 4), (5, 5), (5, 3), (6, 1)]","[(2,), (1, 4), (3, 7), (8,)]"
587,24,6,"[(4, 5), (3, 6), (1, 2), (2, 1)]","[(1, 2, 6), (4, 5), (3,)]"
588,40,2,"[(2, 3), (1, 3)]","[(1, 4)]"
589,25,5,"[(4, 3), (4, 1), (3, 5), (3, 1)]","[(1, 2, 4), (5,), (8,)]"
590,37,3,"[(2, 6), (4, 1)]","[(1, 2, 5)]"
591,38,3,"[(4, 3), (3, 1)]","[(1, 2, 4)]"
592,8,8,"[(5, 5), (1, 6), (5, 6), (3, 6), (2, 1)]","[(1, 2, 3, 4), (7,), (5, 6), (9,)]"
593,27,5,"[(6, 4), (2, 6), (1, 1)]","[(1, 2, 3, 4), (8,)]"
594,41,2,"[(2, 2), (1, 2)]","[(1, 3)]"
595,27,5,"[(5, 1), (6, 6), (4, 4)]","[(1, 2, 3), (4, 8)]"
596,36,3,"[(5, 4), (1, 1)]","[(1, 2, 6)]"
597,35,4,"[(6, 4), (2, 1)]","[(1, 2, 3, 4)]"
598,30,5,"[(1, 1), (4, 1), (3, 5), (5, 6)]","[(2,), (1, 4), (3, 5)]"
599,27,5,"[(4, 6), (4, 4), (1, 3)]","[(1, 2, 3, 4), (8,)]"
600,32,4,"[(3, 3), (2, 5), (1, 2)]","[(1, 2, 3), (7,)]"
601,0,9,"[(6, 2), (2, 2), (2, 6), (1, 5), (5, 5), (4, 5)]","[(1, 2, 5), (4,), (8,), (6,), (3, 7), (9,)]"
602,20,6,"[(5, 2), (3, 6), (3, 6), (1, 2)]","[(1, 2, 4), (3, 6), (9,)]"
603,27,5,"[(3, 2), (1, 1), (6, 5), (1, 3)]","[(1, 4), (2,), (3, 8)]"
604,25,5,"[(1, 6), (5, 1), (2, 5), (1, 5)]","[(1, 2, 4), (6,), (7,)]"
605,28,5,"[(6, 4), (2, 5), (2, 5)]","[(1, 2, 3, 4), (7,)]"
606,21,6,"[(2, 1), (6, 2), (2, 5), (3, 3), (4, 6)]","[(1, 2), (3, 5), (7,), (6,)]"
607,23,5,"[(1, 4), (2, 6), (3, 6), (4, 5)]","[(1, 4), (2, 6), (9,)]"
608,24,6,"[(4, 5), (2, 2), (2, 6), (3, 2)]","[(1, 2, 6), (4,), (3, 5)]"
609,28,5,"[(6, 4), (5, 2), (5, 5)]","[(1, 2, 3, 4), (7,)]"
610,32,4,"[(5, 2), (4, 2), (1, 1)]","[(1, 2, 4), (6,)]"
611,36,3,"[(4, 5), (1, 5)]","[(1, 2, 6)]"
612,36,3,"[(4, 5), (4, 2)]","[(1, 2, 6)]"
613,26,5,"[(1, 2), (3, 6), (1, 6), (5, 1)]","[(1, 2), (3, 6), (7,)]"
614,36,3,"[(4, 5), (2, 4)]","[(1, 2, 6)]"
615,35,4,"[(3, 1), (3, 3), (4, 6)]","[(1, 3), (2, 4)]"
616,33,4,"[(1, 4), (4, 3), (2, 2)]","[(1, 4), (2, 5)]"
617,18,6,"[(4, 5), (6, 4), (3, 5), (5, 5)]","[(1, 2, 6), (3, 7), (8,)]"
618,8,8,"[(5, 5), (3, 2), (5, 4), (4, 3), (1, 5), (1, 3)]","[(1, 2, 3, 4), (5,), (9,), (7,), (6,)]"
619,21,6,"[(2, 1), (6, 4), (6, 5), (3, 4)]","[(1, 2), (3, 7), (5, 6)]"
620,16,7,"[(4, 2), (6, 3), (1, 5), (5, 3), (3, 5)]","[(1, 2, 3), (4, 5), (6,), (8,)]"
621,15,7,"[(3, 2), (5, 6), (5, 4), (3, 2), (2, 3)]","[(1, 4), (2, 3, 6), (9,), (5,)]"
622,34,4,"[(5, 6), (1, 1)]","[(1, 2, 3, 5)]"
623,21,6,"[(5, 3), (5, 1), (5, 5), (4, 3)]","[(1, 2, 5), (6,), (3, 7)]"
624,23,6,"[(1, 3), (6, 5), (2, 5), (1, 3)]","[(1, 3), (2, 4, 5), (7,)]"
625,28,5,"[(3, 6), (5, 3), (6, 4)]","[(1, 2, 6), (3, 5)]"
626,11,7,"[(3, 1), (3, 1), (6, 6), (4, 2), (3, 5), (3, 4)]","[(1, 3), (4,), (5, 7), (6,), (8,)]"
627,40,2,"[(4, 1), (3, 1)]","[(1, 4)]"
628,15,7,"[(2, 3), (3, 5), (4, 4), (3, 6), (1, 2)]","[(1, 4), (2, 6), (3, 5), (9,)]"
629,16,7,"[(4, 5), (5, 3), (6, 6), (4, 6)]","[(1, 2, 6), (3, 5), (4, 8)]"
630,37,3,"[(1, 4), (2, 1), (2, 2)]","[(1, 4), (3,)]"
631,15,7,"[(6, 2), (5, 2), (6, 1), (2, 6), (2, 6)]","[(1, 2, 5), (3, 4), (7,), (8,)]"
632,32,4,"[(2, 5), (5, 1), (3, 1)]","[(1, 2, 4), (6,)]"
633,35,4,"[(5, 5), (3, 1)]","[(1, 2, 3, 4)]"
634,7,8,"[(6, 5), (2, 6), (4, 5), (6, 4), (5, 3)]","[(1, 2, 3, 5), (8,), (9,), (4, 6)]"
635,28,5,"[(2, 2), (3, 1), (3, 6), (4, 6)]","[(1, 3), (4,), (2, 7)]"
636,26,5,"[(3, 6), (4, 6), (1, 1)]","[(1, 2, 6), (3, 7)]"
637,34,4,"[(5, 6), (3, 2)]","[(1, 2, 3, 5)]"
638,33,4,"[(1, 1), (4, 6), (6, 4)]","[(2,), (1, 3, 6)]"
639,16,7,"[(3, 1), (6, 2), (2, 6), (3, 6), (2, 2)]","[(1, 3), (2, 6), (8,), (4, 5)]"
640,31,4,"[(4, 4), (1, 5), (2, 3)]","[(1, 2, 5), (6,)]"
641,17,7,"[(5, 1), (3, 4), (1, 3), (3, 3), (4, 1), (5, 1)]","[(1, 2, 3), (7,), (4,), (6,), (5,)]"
642,25,5,"[(5, 2), (5, 2), (2, 4), (3, 1)]","[(1, 2, 4), (7,), (6,)]"
643,0,9,"[(1, 3), (4, 3), (5, 6), (5, 3), (5, 4), (4, 2)]","[(1, 3), (2, 5), (4, 7), (8,), (9,), (6,)]"
644,9,8,"[(4, 2), (6, 6), (2, 4), (3, 2), (2, 5), (4, 2)]","[(1, 2, 3), (4, 8), (6,), (5,), (7,)]"
645,36,3,"[(5, 4), (4, 2)]","[(1, 2, 6)]"
646,24,5,"[(4, 2), (3, 5), (6, 1), (5, 3)]","[(1, 2, 3), (8,), (7,)]"
647,28,5,"[(4, 2), (1, 3), (2, 5), (1, 1)]","[(1, 2, 3), (4,), (7,)]"
648,35,4,"[(4, 6), (2, 1)]","[(1, 2, 3, 4)]"
649,29,5,"[(1, 5), (4, 2), (2, 2), (3, 3)]","[(1, 2, 3), (6,), (4,)]"
650,15,7,"[(1, 1), (6, 2), (3, 5), (2, 3), (1, 6), (5, 3)]","[(2,), (1, 3, 4), (8,), (5,), (7,)]"
651,0,9,"[(4, 1), (2, 5), (4, 2), (4, 5), (5, 5), (6, 2)]","[(1, 4), (2, 5), (6,), (9,), (3, 7), (8,)]"
652,38,3,"[(3, 2), (1, 1), (3, 1)]","[(1, 4), (2,)]"
653,23,6,"[(1, 3), (4, 3), (5, 6), (1, 6)]","[(1, 3), (2, 5), (4, 7)]"
654,23,6,"[(2, 4), (5, 2), (3, 6), (1, 6)]","[(1, 2, 3), (7,), (4, 5)]"
655,21,6,"[(6, 3), (3, 4), (4, 4), (6, 2)]","[(1, 2, 6), (3, 4), (8,)]"
656,37,3,"[(6, 2), (2, 3)]","[(1, 2, 5)]"
657,26,5,"[(4, 5), (4, 6), (1, 2)]","[(1, 2, 6), (3, 7)]"
658,39,3,"[(5, 1), (2, 1)]","[(1, 2, 3)]"
659,0,9,"[(5, 6), (5, 3), (2, 4), (5, 6), (4, 5)]","[(1, 2, 3, 5), (8,), (6,), (4, 7), (9,)]"
660,32,4,"[(3, 1), (6, 3), (4, 3)]","[(1, 3), (2, 7)]"
661,26,5,"[(6, 6), (1, 6), (1, 1)]","[(1, 2, 3, 6), (7,)]"
662,14,7,"[(1, 3), (2, 5), (6, 3), (2, 2), (2, 5), (6, 5)]","[(1, 3), (2, 5), (9,), (4,), (7,)]"
663,34,4,"[(5, 6), (1, 2)]","[(1, 2, 3, 5)]"
664,16,7,"[(5, 3), (1, 5), (3, 5), (1, 3), (2, 1), (2, 3)]","[(1, 2, 5), (6,), (8,), (4,), (3,)]"
665,26,5,"[(6, 3), (4, 6), (6, 5)]","[(1, 2, 6), (3, 7)]"
666,8,8,"[(5, 2), (3, 2), (5, 2), (4, 5), (6, 3), (2, 1)]","[(1, 2, 4), (5,), (7,), (3, 6), (9,)]"
667,25,5,"[(6, 6), (4, 4), (1, 5)]","[(1, 2, 3, 6), (8,)]"
668,16,7,"[(5, 3), (4, 3), (4, 4), (2, 4), (4, 1)]","[(1, 2, 5), (3, 4), (8,), (6,)]"
669,26,5,"[(4, 1), (6, 3), (3, 2), (6, 1)]","[(1, 4), (2, 7), (5,)]"
670,26,5,"[(5, 3), (5, 6), (6, 2)]","[(1, 2, 5), (3, 8)]"
671,24,6,"[(2, 1), (4, 3), (5, 6), (3, 3)]","[(1, 2), (3, 4), (5, 6)]"
672,29,5,"[(2, 4), (6, 4), (1, 2)]","[(1, 2, 3), (4, 6)]"
673,22,6,"[(1, 6), (4, 5), (5, 2), (3, 1)]","[(1, 2, 4), (3, 6), (7,)]"
674,31,4,"[(4, 3), (4, 3), (1, 1)]","[(1, 2, 4), (7,)]"
675,28,5,"[(5, 3), (6, 3), (1, 5)]","[(1, 2, 5), (3, 6)]"
676,22,6,"[(1, 3), (4, 5), (1, 3), (5, 1), (1, 1)]","[(1, 3), (2, 7), (4,), (6,)]"
677,8,8,"[(4, 6), (4, 3), (3, 6), (4, 2), (4, 1), (2, 5)]","[(1, 2, 3, 4), (7,), (9,), (6,), (5,)]"
678,22,6,"[(4, 1), (4, 5), (6, 3), (1, 3)]","[(1, 4), (2, 7), (3, 6)]"
679,22,6,"[(6, 6), (6, 5), (4, 6)]","[(1, 2, 3, 6), (4, 7)]"
680,31,4,"[(4, 4), (4, 2), (4, 2)]","[(1, 2, 5), (6,)]"
681,28,5,"[(1, 5), (3, 3), (2, 3), (1, 1)]","[(1, 2, 3), (6,), (5,)]"
682,30,5,"[(3, 1), (1, 5), (3, 2), (2, 2)]","[(1, 3), (2, 4), (5,)]"
683,37,3,"[(4, 4), (4, 1)]","[(1, 2, 5)]"
684,35,4,"[(5, 5), (1, 2)]","[(1, 2, 3, 4)]"
685,26,5,"[(5, 4), (6, 4), (6, 5)]","[(1, 2, 6), (3, 7)]"
686,20,6,"[(1, 4), (4, 5), (4, 2), (2, 3), (6, 4)]","[(1, 4), (2, 7), (6,), (5,)]"
687,17,7,"[(3, 1), (5, 1), (3, 3), (4, 3), (4, 1), (6, 6)]","[(1, 3), (2, 4), (6,), (7,), (5,)]"
688,27,5,"[(3, 6), (5, 4), (1, 1)]","[(1, 2, 6), (4, 5)]"
689,27,5,"[(3, 1), (5, 1), (2, 6), (2, 1)]","[(1, 3), (2, 4), (8,)]"
690,34,4,"[(5, 6), (2, 3)]","[(1, 2, 3, 5)]"
691,15,7,"[(3, 1), (3, 4), (5, 5), (6, 3), (6, 4)]","[(1, 3), (2, 5), (4, 6), (9,)]"
692,20,6,"[(3, 3), (6, 1), (6, 6), (5, 5)]","[(1, 2, 3), (7,), (4, 8)]"
693,20,6,"[(1, 6), (5, 6), (4, 3), (5, 5)]","[(1, 2, 4), (3, 8), (7,)]"
694,20,6,"[(1, 6), (5, 5), (4, 4), (4, 4)]","[(1, 2, 4), (3, 7), (8,)]"
695,33,4,"[(2, 1), (3, 6), (4, 2)]","[(1, 2), (3, 6)]"
696,37,3,"[(3, 5), (2, 3)]","[(1, 2, 5)]"
697,29,5,"[(4, 5), (1, 6), (1, 1)]","[(1, 2, 6), (3, 4)]"
698,13,7,"[(4, 4), (1, 5), (4, 4), (5, 5), (6, 1)]","[(1, 2, 5), (6,), (8,), (3, 7)]"
699,36,3,"[(2, 1), (5, 1), (3, 3)]","[(1, 2), (6,)]"
700,35,4,"[(4, 6), (5, 5)]","[(1, 2, 3, 4)]"
701,34,4,"[(4, 2), (1, 4), (2, 1)]","[(1, 2, 3), (5,)]"
702,23,6,"[(2, 4), (2, 2), (6, 6), (6, 4)]","[(1, 2, 3), (4,), (5, 7)]"
703,26,5,"[(6, 6), (2, 5), (5, 2)]","[(1, 2, 3, 6), (7,)]"
704,8,8,"[(3, 1), (1, 6), (4, 5), (5, 2), (5, 5), (4, 5)]","[(1, 3), (2, 5), (9,), (7,), (4, 6)]"
705,13,7,"[(2, 5), (3, 5), (5, 4), (3, 5), (3, 2)]","[(1, 2, 4), (3, 5), (9,), (8,)]"
706,30,5,"[(5, 5), (1, 4), (1, 2)]","[(1, 2, 3, 4), (5,)]"
707,24,6,"[(6, 5), (4, 6), (1, 4)]","[(1, 2, 3, 5), (4, 6)]"
708,33,4,"[(2, 2), (6, 2), (1, 2)]","[(1, 3), (2, 6)]"
709,25,5,"[(6, 1), (2, 3), (6, 2), (2, 3)]","[(1, 2, 4), (5,), (8,)]"
710,29,5,"[(5, 5), (2, 4), (5, 1)]","[(1, 2, 3, 4), (6,)]"
711,27,5,"[(6, 4), (4, 4), (2, 6)]","[(1, 2, 3, 4), (8,)]"
712,34,4,"[(1, 5), (3, 2), (3, 2)]","[(1, 2, 3), (5,)]"
713,21,6,"[(3, 5), (6, 4), (3, 3), (5, 6)]","[(1, 2, 5), (3, 7), (6,)]"
714,15,7,"[(6, 4), (2, 5), (1, 4), (5, 3), (3, 2)]","[(1, 2, 3, 4), (7,), (5,), (8,)]"
715,21,6,"[(1, 5), (4, 5), (3, 6), (6, 5)]","[(1, 2, 3), (4, 5), (9,)]"
716,33,4,"[(1, 2), (1, 3), (4, 1), (2, 2)]","[(1, 2), (4,), (5,)]"
717,21,6,"[(6, 3), (4, 6), (1, 4), (1, 4)]","[(1, 2, 6), (3, 7), (5,)]"
718,22,6,"[(2, 5), (6, 2), (2, 6), (6, 6)]","[(1, 2, 4), (3, 5), (8,)]"
719,22,6,"[(6, 5), (6, 2), (3, 1), (4, 1)]","[(1, 2, 3, 5), (8,), (4,)]"
720,9,8,"[(4, 1), (4, 4), (5, 3), (3, 4), (3, 5), (2, 6)]","[(1, 4), (2, 6), (3, 5), (7,), (8,)]"
721,13,7,"[(6, 6), (1, 4), (3, 4), (3, 5), (3, 3)]","[(1, 2, 3, 6), (5,), (7,), (8,)]"
722,30,5,"[(4, 4), (3, 4), (1, 4)]","[(1, 2, 5), (3, 4)]"
723,35,4,"[(4, 2), (3, 1), (3, 1)]","[(1, 2, 3), (4,)]"
724,17,7,"[(1, 5), (6, 3), (1, 5), (4, 3), (5, 6)]","[(1, 2, 3), (4, 5), (6,), (7,)]"
725,28,5,"[(1, 6), (2, 1), (1, 6), (5, 2)]","[(1, 2, 4), (3,), (7,)]"
726,21,6,"[(1, 4), (4, 6), (4, 5), (1, 3)]","[(1, 4), (2, 3, 5), (9,)]"
727,14,7,"[(6, 3), (5, 2), (6, 2), (3, 4), (1, 3)]","[(1, 2, 6), (3, 4), (8,), (7,)]"
728,16,7,"[(1, 2), (6, 1), (5, 6), (4, 4), (6, 6)]","[(1, 2), (3, 4), (5, 6), (8,)]"
729,24,5,"[(3, 3), (5, 2), (5, 3), (2, 6)]","[(1, 2, 3), (7,), (8,)]"
730,15,7,"[(1, 2), (5, 3), (4, 4), (5, 6), (1, 3)]","[(1, 2), (3, 5), (8,), (4, 7)]"
731,31,4,"[(1, 1), (1, 2), (5, 4), (1, 2)]","[(2,), (3,), (1, 8)]"
732,35,4,"[(2, 4), (1, 3), (6, 4)]","[(1, 2, 3), (4,)]"
733,15,7,"[(4, 4), (4, 2), (4, 5), (1, 3), (1, 2), (3, 1)]","[(1, 2, 5), (6,), (9,), (4,), (3,)]"
734,22,6,"[(2, 5), (6, 5), (1, 4), (4, 1)]","[(1, 2, 4), (3, 8), (5,)]"
735,35,4,"[(3, 3), (3, 1), (2, 1)]","[(1, 2, 3), (4,)]"
736,8,8,"[(6, 5), (4, 5), (5, 5), (2, 5), (3, 6)]","[(1, 2, 3, 5), (9,), (4, 6), (7,)]"
737,21,6,"[(6, 5), (1, 3), (5, 4), (3, 1)]","[(1, 2, 3, 5), (4,), (9,)]"
738,22,6,"[(6, 1), (5, 6), (1, 4), (2, 3)]","[(1, 2, 4), (3, 8), (5,)]"
739,12,7,"[(5, 6), (4, 2), (1, 6), (4, 5), (2, 1)]","[(1, 2, 3, 5), (6,), (7,), (9,)]"
740,37,3,"[(1, 4), (2, 1), (1, 3)]","[(1, 4), (3,)]"
741,37,3,"[(3, 5), (2, 3)]","[(1, 2, 5)]"
742,30,5,"[(1, 3), (1, 1), (5, 4), (6, 5)]","[(1, 3), (2,), (4, 5)]"
743,17,6,"[(6, 2), (6, 5), (4, 5), (1, 1)]","[(1, 2, 5), (3, 8), (9,)]"
744,28,5,"[(6, 5), (3, 3), (1, 1)]","[(1, 2, 3, 5), (6,)]"
745,3,8,"[(6, 2), (1, 5), (6, 2), (2, 2), (6, 3), (6, 1), (4, 5)]","[(1, 2, 5), (6,), (8,), (4,), (9,), (7,)]"
746,30,5,"[(3, 4), (4, 4), (6, 4)]","[(1, 2, 4), (3, 5)]"
747,36,3,"[(3, 6), (4, 2)]","[(1, 2, 6)]"
748,24,6,"[(5, 3), (3, 4), (5, 1), (5, 6)]","[(1, 2, 5), (3, 4), (6,)]"
749,37,3,"[(3, 5), (3, 2)]","[(1, 2, 5)]"
750,34,4,"[(2, 1), (5, 3), (2, 1)]","[(1, 2), (3, 5)]"
751,20,6,"[(3, 5), (4, 5), (4, 4), (5, 1)]","[(1, 2, 5), (3, 6), (8,)]"
752,17,7,"[(5, 5), (6, 5), (5, 2), (2, 3)]","[(1, 2, 3, 4), (5, 6), (7,)]"
753,30,5,"[(3, 3), (3, 6), (1, 3)]","[(1, 2, 3), (4, 5)]"
754,9,8,"[(4, 6), (6, 5), (2, 5), (4, 4), (2, 2)]","[(1, 2, 3, 4), (5, 6), (7,), (8,)]"
755,28,5,"[(2, 5), (2, 1), (1, 6), (6, 6)]","[(1, 2, 4), (3,), (7,)]"
756,31,4,"[(4, 4), (5, 1), (4, 2)]","[(1, 2, 5), (6,)]"
757,35,4,"[(5, 5), (5, 5)]","[(1, 2, 3, 4)]"
758,0,9,"[(5, 4), (4, 1), (5, 2), (5, 4), (3, 4), (6, 2)]","[(1, 2, 6), (5,), (3, 4), (9,), (7,), (8,)]"
759,35,4,"[(3, 2), (1, 4), (2, 1)]","[(1, 4), (2, 3)]"
760,18,6,"[(5, 1), (3, 5), (4, 2), (2, 5), (4, 6)]","[(1, 2, 3), (8,), (6,), (7,)]"
761,9,8,"[(4, 4), (4, 4), (2, 5), (1, 5), (1, 6), (3, 1)]","[(1, 2, 5), (8,), (3, 4), (6,), (7,)]"
762,13,7,"[(3, 4), (2, 1), (5, 4), (5, 2), (4, 2), (5, 1)]","[(1, 2, 4), (3,), (9,), (7,), (6,)]"
763,4,8,"[(6, 5), (6, 1), (4, 5), (4, 2), (3, 5), (2, 1)]","[(1, 2, 3, 5), (7,), (9,), (6,), (8,)]"
764,40,2,"[(1, 4), (1, 3)]","[(1, 4)]"
765,26,5,"[(4, 5), (2, 1), (4, 3), (5, 2)]","[(1, 2, 6), (3,), (7,)]"
766,17,7,"[(1, 1), (6, 1), (6, 2), (6, 5), (1, 2)]","[(2,), (1, 6), (3, 5), (4, 7)]"
767,35,4,"[(6, 4), (1, 2)]","[(1, 2, 3, 4)]"
768,23,6,"[(2, 4), (2, 5), (1, 3), (2, 3), (5, 5)]","[(1, 2, 3), (7,), (4,), (5,)]"
769,22,6,"[(1, 6), (3, 3), (4, 6), (5, 5)]","[(1, 2, 4), (6,), (3, 7)]"
770,30,5,"[(2, 5), (4, 4), (4, 6)]","[(1, 2, 4), (3, 5)]"
771,22,6,"[(3, 6), (2, 5), (3, 4), (6, 5)]","[(1, 2, 6), (3, 4), (7,)]"
772,24,6,"[(2, 6), (1, 2), (4, 6), (5, 1)]","[(1, 2, 5), (3,), (4, 6)]"
773,23,5,"[(4, 5), (3, 1), (6, 3), (2, 4)]","[(1, 2, 6), (4,), (9,)]"
774,21,6,"[(6, 3), (6, 2), (1, 6), (2, 5)]","[(1, 2, 6), (3, 5), (7,)]"
775,38,3,"[(5, 2), (1, 3)]","[(1, 2, 4)]"
776,16,7,"[(4, 3), (2, 3), (6, 2), (4, 5), (1, 2)]","[(1, 2, 4), (5,), (8,), (3, 6)]"
777,22,5,"[(5, 3), (2, 4), (5, 4), (2, 3)]","[(1, 2, 5), (6,), (9,)]"
778,9,8,"[(5, 6), (4, 6), (4, 3), (6, 2), (4, 2)]","[(1, 2, 3, 5), (4, 6), (7,), (8,)]"
779,30,5,"[(5, 3), (5, 2), (1, 4)]","[(1, 2, 5), (3, 4)]"
780,14,7,"[(3, 1), (3, 3), (4, 5), (3, 4), (4, 1), (1, 3)]","[(1, 3), (2, 4), (9,), (7,), (5,)]"
781,16,7,"[(6, 5), (5, 3), (5, 5), (5, 6)]","[(1, 2, 3, 5), (8,), (4, 6)]"
782,7,8,"[(4, 6), (2, 6), (3, 6), (1, 4), (3, 3), (5, 3)]","[(1, 2, 3, 4), (8,), (9,), (5,), (6,)]"
783,16,7,"[(2, 4), (4, 2), (6, 6), (2, 3), (2, 6)]","[(1, 2, 3), (6,), (4, 8), (5,)]"
784,16,7,"[(5, 4), (1, 3), (4, 4), (3, 5), (5, 6)]","[(1, 2, 6), (4,), (3, 5), (8,)]"
785,20,6,"[(2, 5), (1, 6), (6, 5), (1, 3)]","[(1, 2, 4), (7,), (3, 8)]"
786,35,4,"[(4, 1), (1, 4), (6, 4)]","[(1, 4), (2, 3)]"
787,11,7,"[(5, 4), (2, 3), (6, 6), (3, 5), (5, 4)]","[(1, 2, 6), (5,), (3, 9), (8,)]"
788,23,6,"[(4, 3), (5, 3), (2, 5), (3, 1)]","[(1, 2, 4), (3, 5), (7,)]"
789,9,8,"[(5, 3), (2, 1), (4, 3), (5, 3), (3, 3), (2, 2), (5, 5)]","[(1, 2, 5), (3,), (7,), (8,), (6,), (4,)]"
790,13,7,"[(3, 1), (3, 6), (4, 2), (4, 1), (5, 3), (2, 6)]","[(1, 3), (2, 7), (6,), (5,), (8,)]"
791,37,3,"[(2, 6), (2, 3)]","[(1, 2, 5)]"
792,14,7,"[(1, 5), (1, 3), (5, 1), (4, 3), (4, 4), (2, 5)]","[(1, 2, 3), (4,), (6,), (7,), (8,)]"
793,20,6,"[(3, 4), (2, 4), (3, 6), (2, 1), (4, 5)]","[(1, 2, 4), (6,), (9,), (3,)]"
794,29,5,"[(1, 5), (4, 6), (5, 1)]","[(1, 2, 3), (4, 6)]"
795,35,4,"[(6, 4), (6, 4)]","[(1, 2, 3, 4)]"
796,13,7,"[(1, 6), (5, 3), (5, 4), (3, 5), (6, 3)]","[(1, 2, 4), (3, 5), (9,), (8,)]"
797,36,3,"[(4, 5), (1, 1)]","[(1, 2, 6)]"
798,27,5,"[(6, 5), (4, 3), (6, 1)]","[(1, 2, 3, 5), (7,)]"
799,29,5,"[(2, 5), (3, 6), (5, 1)]","[(1, 2, 4), (3, 6)]"
800,24,6,"[(6, 6), (4, 5), (2, 1)]","[(1, 2, 3, 6), (4, 5)]"
801,24,6,"[(5, 1), (2, 4), (4, 5), (2, 3)]","[(1, 2, 3), (6,), (4, 5)]"
802,0,9,"[(4, 2), (5, 6), (3, 5), (3, 6), (5, 6)]","[(1, 2, 3), (4, 7), (8,), (9,), (5, 6)]"
803,31,4,"[(1, 2), (2, 3), (2, 4), (3, 2)]","[(1, 2), (5,), (6,)]"
804,14,7,"[(4, 5), (1, 6), (2, 6), (3, 4), (6, 6)]","[(1, 2, 6), (3, 4), (8,), (7,)]"
805,22,6,"[(6, 3), (3, 1), (6, 4), (1, 3)]","[(1, 2, 6), (4,), (3, 7)]"
806,17,6,"[(3, 5), (6, 6), (4, 4), (3, 5)]","[(1, 2, 5), (3, 9), (8,)]"
807,35,4,"[(2, 1), (4, 3), (6, 4)]","[(1, 2), (3, 4)]"
808,28,5,"[(4, 2), (3, 1), (5, 2), (6, 4)]","[(1, 2, 3), (4,), (7,)]"
809,16,7,"[(3, 5), (4, 5), (2, 6), (3, 1), (1, 4)]","[(1, 2, 5), (3, 6), (8,), (4,)]"
810,23,6,"[(1, 3), (5, 6), (6, 1), (1, 3)]","[(1, 3), (2, 4, 5), (7,)]"
811,31,4,"[(3, 2), (4, 5), (1, 1)]","[(1, 4), (2, 7)]"
812,23,6,"[(5, 2), (4, 6), (2, 3), (6, 4)]","[(1, 2, 4), (3, 7), (5,)]"
813,26,5,"[(4, 2), (3, 3), (3, 4), (1, 5)]","[(1, 2, 3), (6,), (7,)]"
814,23,6,"[(5, 5), (1, 6), (3, 2), (1, 4)]","[(1, 2, 3, 4), (7,), (5,)]"
815,28,5,"[(5, 5), (5, 2), (1, 2)]","[(1, 2, 3, 4), (7,)]"
816,24,6,"[(1, 4), (2, 6), (3, 2), (1, 2), (6, 4)]","[(1, 4), (2, 6), (5,), (3,)]"
817,22,6,"[(5, 1), (3, 3), (5, 6), (6, 6)]","[(1, 2, 3), (6,), (4, 7)]"
818,17,7,"[(3, 3), (3, 2), (3, 1), (5, 1), (2, 5), (2, 2)]","[(1, 2, 3), (5,), (4,), (6,), (7,)]"
819,22,6,"[(4, 1), (1, 1), (5, 4), (2, 5), (1, 5)]","[(1, 4), (2,), (3, 6), (7,)]"
820,16,7,"[(5, 3), (4, 2), (2, 6), (3, 4), (2, 3)]","[(1, 2, 5), (6,), (8,), (3, 4)]"
821,34,3,"[(2, 3), (5, 1), (4, 2)]","[(1, 4), (6,)]"
822,32,4,"[(2, 2), (6, 3), (1, 6)]","[(1, 3), (2, 7)]"
823,24,6,"[(2, 3), (6, 1), (5, 4), (4, 6)]","[(1, 4), (2, 5), (3, 6)]"
824,14,7,"[(3, 5), (6, 1), (6, 1), (5, 4), (1, 1)]","[(1, 2, 5), (3, 4), (7,), (9,)]"
825,20,6,"[(1, 5), (5, 6), (6, 2), (4, 6)]","[(1, 2, 3), (4, 7), (8,)]"
826,24,5,"[(5, 1), (4, 3), (3, 5), (1, 2)]","[(1, 2, 3), (7,), (8,)]"
827,22,6,"[(3, 4), (3, 5), (6, 2), (5, 3)]","[(1, 2, 4), (3, 5), (8,)]"
828,21,6,"[(2, 1), (3, 5), (2, 5), (1, 5), (1, 5)]","[(1, 2), (3, 5), (7,), (6,)]"
829,36,3,"[(4, 5), (1, 5)]","[(1, 2, 6)]"
830,32,4,"[(1, 3), (6, 3), (6, 1)]","[(1, 3), (2, 7)]"
831,37,3,"[(5, 3), (4, 1)]","[(1, 2, 5)]"
832,18,6,"[(6, 3), (6, 4), (6, 2), (5, 3)]","[(1, 2, 6), (3, 7), (8,)]"
833,23,6,"[(1, 6), (4, 4), (1, 6), (2, 5)]","[(1, 2, 4), (3, 5), (7,)]"
834,8,8,"[(4, 1), (4, 5), (5, 3), (3, 6), (2, 4), (3, 2)]","[(1, 4), (2, 7), (3, 5), (9,), (6,)]"
835,27,5,"[(2, 2), (5, 2), (3, 4), (3, 4)]","[(1, 3), (2, 5), (7,)]"
836,17,6,"[(3, 5), (4, 4), (6, 6), (5, 4)]","[(1, 2, 5), (8,), (3, 9)]"
837,29,5,"[(1, 6), (4, 5), (6, 4)]","[(1, 2, 4), (3, 6)]"
838,22,6,"[(2, 5), (2, 4), (4, 6), (1, 5)]","[(1, 2, 4), (6,), (3, 7)]"
839,9,8,"[(2, 5), (5, 2), (2, 4), (5, 3), (4, 4), (1, 5)]","[(1, 2, 4), (7,), (6,), (3, 5), (8,)]"
840,33,4,"[(3, 3), (2, 4), (6, 4)]","[(1, 2, 3), (6,)]"
841,15,7,"[(5, 2), (5, 6), (3, 4), (3, 2), (3, 4)]","[(1, 2, 4), (3, 8), (7,), (5,)]"
842,24,6,"[(5, 3), (4, 3), (2, 4), (5, 6)]","[(1, 2, 5), (3, 4), (6,)]"
843,12,7,"[(2, 3), (5, 2), (5, 1), (2, 6), (1, 6), (4, 4)]","[(1, 4), (2, 5), (6,), (8,), (7,)]"
844,33,4,"[(6, 6), (4, 2)]","[(1, 2, 3, 6)]"
845,28,5,"[(5, 1), (5, 6), (3, 1)]","[(1, 2, 3), (4, 7)]"
846,28,5,"[(6, 2), (5, 4), (1, 2)]","[(1, 2, 5), (3, 6)]"
847,8,8,"[(6, 3), (1, 6), (2, 5), (4, 5), (4, 1), (6, 5)]","[(1, 2, 6), (3, 4), (7,), (9,), (5,)]"
848,38,3,"[(2, 5), (1, 3)]","[(1, 2, 4)]"
849,32,4,"[(3, 4), (1, 5), (1, 1)]","[(1, 2, 4), (6,)]"
850,25,5,"[(2, 1), (3, 5), (4, 5), (1, 2)]","[(1, 2), (3, 5), (9,)]"
851,21,6,"[(4, 5), (4, 4), (2, 5), (1, 2)]","[(1, 2, 6), (3, 5), (7,)]"
852,21,6,"[(5, 1), (5, 2), (5, 6), (1, 2)]","[(1, 2, 3), (7,), (5, 6)]"
853,7,8,"[(5, 4), (4, 5), (3, 6), (5, 6), (5, 6)]","[(1, 2, 6), (4, 5), (9,), (3, 8)]"
854,24,6,"[(4, 6), (2, 3), (4, 2), (4, 6)]","[(1, 2, 3, 4), (5,), (6,)]"
855,32,4,"[(1, 6), (4, 2), (2, 4)]","[(1, 2, 4), (6,)]"
856,36,3,"[(3, 6), (4, 2)]","[(1, 2, 6)]"
857,9,8,"[(3, 6), (6, 5), (6, 1), (3, 6), (2, 5)]","[(1, 2, 6), (3, 8), (7,), (4, 5)]"
858,32,4,"[(2, 2), (5, 4), (1, 2)]","[(1, 3), (2, 7)]"
859,9,8,"[(5, 4), (4, 5), (5, 5), (4, 4), (4, 2)]","[(1, 2, 6), (4, 5), (3, 7), (8,)]"
860,29,5,"[(3, 2), (5, 6), (3, 3)]","[(1, 4), (2, 3, 6)]"
861,16,6,"[(6, 1), (1, 6), (2, 4), (4, 5), (3, 3)]","[(1, 2, 4), (7,), (6,), (9,)]"
862,21,6,"[(6, 1), (4, 5), (4, 4), (2, 4)]","[(1, 2, 4), (3, 6), (8,)]"
863,20,6,"[(4, 6), (5, 1), (3, 6), (1, 3)]","[(1, 2, 3, 4), (6,), (9,)]"
864,26,5,"[(5, 4), (6, 4), (1, 2)]","[(1, 2, 6), (3, 7)]"
865,32,4,"[(1, 3), (6, 3), (1, 2)]","[(1, 3), (2, 7)]"
866,22,6,"[(2, 5), (5, 6), (1, 4), (3, 2)]","[(1, 2, 4), (3, 8), (5,)]"
867,9,8,"[(6, 5), (1, 5), (1, 6), (6, 6), (2, 4)]","[(1, 2, 3, 5), (6,), (7,), (4, 8)]"
868,15,7,"[(4, 3), (1, 5), (3, 5), (4, 5), (2, 4)]","[(1, 2, 4), (6,), (3, 5), (9,)]"
869,22,6,"[(3, 4), (2, 4), (5, 5), (2, 2)]","[(1, 2, 4), (6,), (3, 7)]"
870,22,5,"[(5, 3), (4, 2), (6, 3), (2, 4)]","[(1, 2, 5), (6,), (9,)]"
871,22,6,"[(2, 4), (6, 4), (1, 6), (1, 5)]","[(1, 2, 3), (4, 6), (7,)]"
872,16,7,"[(2, 3), (4, 3), (5, 4), (6, 2), (6, 2)]","[(1, 4), (2, 5), (3, 6), (8,)]"
873,9,8,"[(5, 3), (2, 5), (3, 5), (4, 2), (5, 2), (2, 5)]","[(1, 2, 5), (3, 4), (8,), (6,), (7,)]"
874,9,8,"[(2, 6), (1, 5), (2, 6), (2, 5), (5, 2), (2, 3)]","[(1, 2, 5), (6,), (8,), (3, 4), (7,)]"
875,36,3,"[(3, 1), (4, 1), (2, 1)]","[(1, 3), (5,)]"
876,31,4,"[(3, 4), (1, 6), (3, 1)]","[(1, 2, 4), (7,)]"
877,36,3,"[(4, 5), (1, 5)]","[(1, 2, 6)]"
878,14,7,"[(3, 4), (4, 5), (3, 5), (2, 5), (1, 2)]","[(1, 2, 4), (3, 6), (8,), (7,)]"
879,33,4,"[(2, 3), (1, 6), (2, 3)]","[(1, 4), (2, 5)]"
880,30,5,"[(2, 5), (5, 3), (3, 1)]","[(1, 2, 4), (3, 5)]"
881,31,4,"[(6, 1), (1, 6), (6, 4)]","[(1, 2, 4), (7,)]"
882,24,6,"[(5, 5), (6, 5), (4, 1)]","[(1, 2, 3, 4), (5, 6)]"
883,17,7,"[(3, 4), (4, 6), (6, 5), (1, 3)]","[(1, 2, 4), (3, 7), (5, 6)]"
884,31,4,"[(3, 6), (4, 1), (1, 5)]","[(1, 2, 6), (5,)]"
885,32,4,"[(4, 1), (5, 3), (1, 1)]","[(1, 4), (2, 6)]"
886,24,6,"[(5, 1), (3, 6), (4, 2), (2, 1)]","[(1, 2, 3), (4, 5), (6,)]"
887,22,6,"[(5, 5), (3, 3), (3, 4), (6, 4)]","[(1, 2, 3, 4), (6,), (7,)]"
888,33,4,"[(4, 1), (4, 3), (2, 2)]","[(1, 4), (2, 5)]"
889,12,7,"[(1, 3), (2, 4), (1, 5), (5, 4), (3, 5), (4, 4)]","[(1, 3), (2, 4), (6,), (9,), (8,)]"
890,28,5,"[(6, 1), (5, 5), (4, 3)]","[(1, 2, 4), (3, 7)]"
891,28,5,"[(3, 3), (2, 4), (2, 3), (6, 4)]","[(1, 2, 3), (6,), (5,)]"
892,30,5,"[(3, 1), (5, 6), (3, 2)]","[(1, 3), (2, 4, 5)]"
893,23,5,"[(5, 4), (2, 3), (6, 2), (1, 5)]","[(1, 2, 6), (5,), (8,)]"
894,38,3,"[(1, 1), (2, 3), (1, 3)]","[(2,), (1, 4)]"
895,17,6,"[(3, 1), (2, 5), (3, 6), (4, 4), (3, 2)]","[(1, 3), (2, 5), (9,), (8,)]"
896,33,4,"[(3, 1), (3, 5), (2, 1)]","[(1, 3), (2, 6)]"
897,22,6,"[(4, 3), (3, 6), (3, 4), (3, 1)]","[(1, 2, 4), (3, 6), (7,)]"
898,27,5,"[(6, 4), (2, 6), (2, 1)]","[(1, 2, 3, 4), (8,)]"
899,27,5,"[(5, 5), (3, 5), (5, 3)]","[(1, 2, 3, 4), (8,)]"
900,30,5,"[(5, 3), (2, 5), (6, 4)]","[(1, 2, 5), (3, 4)]"
901,27,5,"[(3, 6), (5, 4), (3, 2)]","[(1, 2, 6), (4, 5)]"
902,21,6,"[(1, 5), (3, 1), (5, 1), (2, 6), (6, 4)]","[(1, 2, 3), (4,), (6,), (8,)]"
903,21,6,"[(1, 5), (5, 4), (5, 4), (1, 1)]","[(1, 2, 3), (4, 5), (9,)]"
904,29,5,"[(6, 4), (2, 4), (4, 2)]","[(1, 2, 3, 4), (6,)]"
905,18,6,"[(4, 6), (4, 4), (5, 4), (2, 1)]","[(1, 2, 3, 4), (8,), (9,)]"
906,13,7,"[(4, 4), (3, 5), (2, 4), (4, 6), (3, 2)]","[(1, 2, 5), (8,), (6,), (3, 7)]"
907,16,7,"[(2, 1), (4, 5), (6, 3), (2, 6), (6, 2)]","[(1, 2), (3, 6), (4, 5), (8,)]"
908,28,5,"[(5, 5), (2, 5), (2, 1)]","[(1, 2, 3, 4), (7,)]"
909,24,6,"[(4, 6), (5, 6), (1, 4)]","[(1, 2, 3, 4), (5, 6)]"
910,6,8,"[(5, 1), (3, 6), (6, 3), (4, 4), (5, 2), (1, 3)]","[(1, 2, 3), (4, 5), (9,), (8,), (7,)]"
911,24,6,"[(6, 5), (5, 5), (1, 5)]","[(1, 2, 3, 5), (4, 6)]"
912,15,7,"[(2, 3), (1, 4), (6, 1), (1, 4), (5, 3), (1, 3)]","[(1, 4), (2, 3), (7,), (5,), (8,)]"
913,37,3,"[(3, 5), (1, 4)]","[(1, 2, 5)]"
914,11,7,"[(1, 1), (3, 3), (6, 6), (3, 5), (3, 3), (3, 6)]","[(2,), (1, 5), (3, 9), (8,), (6,)]"
915,28,5,"[(3, 1), (5, 4), (3, 1), (4, 3)]","[(1, 3), (2, 7), (4,)]"
916,29,5,"[(6, 4), (2, 4), (6, 5)]","[(1, 2, 3, 4), (6,)]"
917,17,7,"[(1, 2), (6, 3), (6, 3), (2, 5), (6, 6)]","[(1, 2), (3, 6), (4, 5), (7,)]"
918,23,6,"[(3, 3), (5, 2), (6, 3), (3, 2)]","[(1, 2, 3), (7,), (4, 5)]"
919,20,6,"[(2, 4), (6, 5), (2, 6), (1, 3)]","[(1, 2, 3), (4, 7), (8,)]"
920,26,5,"[(2, 1), (5, 4), (2, 5), (5, 6)]","[(1, 2), (3, 6), (7,)]"
921,17,7,"[(6, 4), (5, 6), (2, 5), (1, 5)]","[(1, 2, 3, 4), (5, 6), (7,)]"
922,27,5,"[(1, 3), (3, 4), (3, 4), (5, 6)]","[(1, 3), (2, 5), (7,)]"
923,28,5,"[(3, 6), (4, 4), (6, 4)]","[(1, 2, 6), (3, 5)]"
924,31,4,"[(6, 1), (1, 6), (2, 2)]","[(1, 2, 4), (7,)]"
925,29,5,"[(5, 4), (4, 3), (1, 1)]","[(1, 2, 6), (3, 4)]"
926,36,3,"[(3, 6), (4, 2)]","[(1, 2, 6)]"
927,37,3,"[(1, 2), (1, 4), (4, 1)]","[(1, 2), (5,)]"
928,31,4,"[(6, 1), (5, 2), (4, 3)]","[(1, 2, 4), (7,)]"
929,28,5,"[(5, 2), (6, 4), (1, 2)]","[(1, 2, 4), (3, 7)]"
930,32,4,"[(6, 1), (4, 2), (3, 3)]","[(1, 2, 4), (6,)]"
931,7,8,"[(2, 5), (5, 1), (6, 6), (4, 1), (4, 4), (2, 3)]","[(1, 2, 4), (6,), (3, 9), (5,), (8,)]"
932,34,3,"[(2, 3), (5, 1), (3, 3)]","[(1, 4), (6,)]"
933,19,6,"[(6, 2), (3, 6), (4, 5), (4, 5)]","[(1, 2, 5), (3, 6), (9,)]"
934,15,7,"[(6, 2), (6, 4), (6, 6), (5, 5)]","[(1, 2, 5), (3, 7), (4, 8)]"
935,18,6,"[(4, 2), (5, 3), (1, 6), (5, 1), (3, 4)]","[(1, 2, 3), (8,), (7,), (6,)]"
936,36,3,"[(4, 5), (1, 5)]","[(1, 2, 6)]"
937,23,6,"[(3, 4), (1, 6), (2, 6), (6, 1)]","[(1, 2, 4), (7,), (3, 5)]"
938,38,3,"[(1, 6), (3, 1)]","[(1, 2, 4)]"
939,28,5,"[(4, 6), (5, 2), (1, 6)]","[(1, 2, 3, 4), (7,)]"
940,12,7,"[(3, 1), (1, 3), (6, 2), (6, 2), (5, 4), (2, 2)]","[(1, 3), (4,), (2, 6), (8,), (9,)]"
941,12,7,"[(4, 5), (3, 1), (5, 4), (5, 6), (5, 4)]","[(1, 2, 6), (4,), (9,), (3, 8)]"
942,13,7,"[(5, 1), (1, 5), (2, 6), (1, 4), (2, 5), (6, 6)]","[(1, 2, 3), (6,), (8,), (5,), (7,)]"
943,12,7,"[(1, 5), (5, 1), (3, 1), (6, 3), (3, 5), (1, 1)]","[(1, 2, 3), (6,), (4,), (9,), (8,)]"
944,27,5,"[(3, 1), (5, 2), (2, 5), (1, 4)]","[(1, 3), (2, 5), (7,)]"
945,25,5,"[(6, 2), (1, 3), (4, 4), (3, 2)]","[(1, 2, 5), (4,), (8,)]"
946,22,6,"[(6, 1), (5, 6), (3, 2), (4, 6)]","[(1, 2, 4), (3, 8), (5,)]"
947,17,7,"[(2, 6), (3, 4), (5, 1), (2, 5), (3, 1)]","[(1, 2, 5), (3, 4), (6,), (7,)]"
948,14,7,"[(1, 1), (5, 1), (1, 6), (6, 3), (4, 3), (4, 3)]","[(2,), (1, 5), (3, 4), (9,), (7,)]"
949,37,3,"[(1, 1), (2, 4), (2, 3)]","[(2,), (1, 5)]"
950,18,6,"[(3, 3), (4, 4), (3, 1), (6, 3), (1, 3)]","[(1, 2, 3), (8,), (4,), (9,)]"
951,26,5,"[(5, 4), (5, 5), (2, 1)]","[(1, 2, 6), (3, 7)]"
952,22,6,"[(6, 1), (4, 4), (2, 6), (3, 5)]","[(1, 2, 4), (3, 5), (8,)]"
953,24,6,"[(6, 4), (6, 5), (2, 1)]","[(1, 2, 3, 4), (5, 6)]"
954,34,3,"[(3, 2), (2, 4), (1, 3)]","[(1, 4), (6,)]"
955,23,6,"[(4, 6), (6, 6), (1, 1)]","[(1, 2, 3, 4), (5, 7)]"
956,19,6,"[(3, 2), (6, 6), (5, 4), (5, 5)]","[(1, 4), (2, 3, 7), (9,)]"
957,34,4,"[(5, 6), (3, 2)]","[(1, 2, 3, 5)]"
958,15,7,"[(6, 5), (5, 5), (5, 4), (3, 2)]","[(1, 2, 3, 5), (4, 6), (9,)]"
959,18,6,"[(4, 1), (4, 3), (2, 6), (3, 4), (2, 6)]","[(1, 4), (2, 5), (8,), (7,)]"
960,36,3,"[(6, 3), (2, 4)]","[(1, 2, 6)]"
961,22,6,"[(4, 4), (2, 5), (5, 3), (1, 4)]","[(1, 2, 5), (3, 4), (8,)]"
962,23,6,"[(6, 4), (5, 2), (2, 3), (3, 2)]","[(1, 2, 3, 4), (7,), (5,)]"
963,19,6,"[(2, 1), (4, 1), (6, 4), (5, 3), (4, 4)]","[(1, 2), (5,), (3, 7), (8,)]"
964,22,6,"[(2, 6), (6, 5), (3, 1), (1, 3)]","[(1, 2, 5), (3, 8), (4,)]"
965,28,5,"[(3, 5), (4, 2), (2, 1), (2, 3)]","[(1, 2, 5), (6,), (3,)]"
966,32,4,"[(2, 3), (6, 2), (4, 2)]","[(1, 4), (2, 6)]"
967,15,7,"[(2, 1), (5, 5), (4, 5), (2, 6), (2, 5)]","[(1, 2), (3, 7), (4, 5), (8,)]"
968,17,7,"[(1, 4), (1, 1), (2, 4), (5, 3), (4, 3), (2, 4)]","[(1, 4), (2,), (6,), (3, 5), (7,)]"
969,17,7,"[(3, 2), (1, 5), (5, 4), (5, 3), (2, 2)]","[(1, 4), (6,), (2, 7), (3, 5)]"
970,33,4,"[(1, 5), (1, 5), (1, 2)]","[(1, 2, 3), (6,)]"
971,30,5,"[(2, 5), (3, 5), (2, 3)]","[(1, 2, 4), (3, 5)]"
972,25,5,"[(3, 5), (6, 6), (4, 1)]","[(1, 2, 5), (3, 9)]"
973,32,4,"[(1, 2), (6, 4), (6, 1)]","[(1, 2), (3, 7)]"
974,29,5,"[(4, 5), (1, 6), (1, 5)]","[(1, 2, 6), (3, 4)]"
975,37,3,"[(2, 6), (2, 3)]","[(1, 2, 5)]"
976,24,6,"[(3, 4), (3, 6), (1, 4), (5, 6)]","[(1, 2, 4), (3, 6), (5,)]"
977,30,5,"[(2, 6), (3, 4), (5, 5)]","[(1, 2, 5), (3, 4)]"
978,28,5,"[(1, 6), (5, 5), (1, 1)]","[(1, 2, 4), (3, 7)]"
979,24,6,"[(3, 5), (5, 1), (6, 1), (1, 5)]","[(1, 2, 5), (6,), (3, 4)]"
980,27,5,"[(6, 4), (3, 5), (2, 6)]","[(1, 2, 3, 4), (8,)]"
981,24,6,"[(6, 5), (6, 4), (3, 2)]","[(1, 2, 3, 5), (4, 6)]"
982,26,5,"[(3, 2), (4, 1), (3, 6), (1, 3)]","[(1, 4), (2, 3), (9,)]"
983,14,7,"[(2, 3), (6, 3), (6, 3), (2, 6), (1, 2)]","[(1, 4), (2, 7), (3, 6), (8,)]"
984,8,8,"[(4, 6), (6, 1), (1, 4), (6, 3), (4, 2), (3, 6)]","[(1, 2, 3, 4), (7,), (5,), (9,), (6,)]"
985,28,5,"[(4, 5), (5, 3), (4, 2)]","[(1, 2, 6), (3, 5)]"
986,32,4,"[(3, 3), (1, 6), (2, 5)]","[(1, 2, 3), (7,)]"
987,19,6,"[(4, 2), (3, 2), (4, 3), (3, 5), (1, 2)]","[(1, 2, 3), (5,), (7,), (8,)]"
988,29,5,"[(4, 5), (2, 5), (2, 1)]","[(1, 2, 6), (3, 4)]"
989,29,5,"[(1, 6), (2, 4), (2, 1), (2, 2)]","[(1, 2, 4), (6,), (3,)]"
990,26,5,"[(2, 3), (3, 2), (5, 4), (2, 1)]","[(1, 4), (2, 3), (9,)]"
991,39,3,"[(2, 4), (1, 2)]","[(1, 2, 3)]"
992,28,5,"[(6, 4), (5, 2), (2, 1)]","[(1, 2, 3, 4), (7,)]"
993,15,7,"[(6, 5), (3, 4), (6, 2), (3, 1), (3, 5)]","[(1, 2, 3, 5), (7,), (8,), (4,)]"
994,24,6,"[(1, 3), (2, 4), (3, 2), (4, 2), (1, 3)]","[(1, 3), (2, 4), (5,), (6,)]"
995,11,7,"[(5, 2), (1, 4), (5, 1), (2, 5), (3, 6), (2, 3)]","[(1, 2, 4), (5,), (6,), (7,), (9,)]"
996,22,6,"[(5, 4), (5, 2), (1, 6), (5, 2)]","[(1, 2, 6), (3, 4), (7,)]"
997,27,5,"[(2, 1), (4, 1), (5, 5), (2, 3)]","[(1, 2), (5,), (3, 7)]"
998,39,3,"[(5, 1), (2, 1)]","[(1, 2, 3)]"
999,33,4,"[(6, 6), (1, 5)]","[(1, 2, 3, 6)]"
1000,24,6,"[(2, 3), (3, 3), (4, 6), (2, 3)]","[(1, 4), (6,), (2, 3, 5)]"
